"cause","sex","age","year","deaths"
"Cancer",1,0,1980,468
"Cancer",1,0,1981,483
"Cancer",1,0,1982,485
"Cancer",1,0,1983,496
"Cancer",1,0,1984,428
"Cancer",1,0,1985,434
"Cancer",1,0,1986,441
"Cancer",1,0,1987,405
"Cancer",1,0,1988,389
"Cancer",1,0,1989,391
"Cancer",1,0,1990,394
"Cancer",1,0,1991,401
"Cancer",1,0,1992,368
"Cancer",1,0,1993,434
"Cancer",1,0,1994,392
"Cancer",1,0,1995,404
"Cancer",1,0,1996,354
"Cancer",1,0,1997,348
"Cancer",1,0,1998,289
"Cancer",1,0,1999,326
"Cancer",1,0,2000,348
"Cancer",1,0,2001,316
"Cancer",1,0,2002,318
"Cancer",1,0,2003,324
"Cancer",1,0,2004,312
"Cancer",1,0,2005,315
"Cancer",1,0,2006,303
"Cancer",1,0,2007,282
"Cancer",1,0,2008,313
"Cancer",1,0,2009,284
"Cancer",1,0,2010,285
"Cancer",1,0,2011,283
"Cancer",1,0,2012,303
"Cancer",1,0,2013,261
"Cancer",1,0,2014,242
"Cancer",1,0,2015,265
"Cancer",1,0,2016,291
"Cancer",1,5,1980,936
"Cancer",1,5,1981,804
"Cancer",1,5,1982,903
"Cancer",1,5,1983,794
"Cancer",1,5,1984,736
"Cancer",1,5,1985,718
"Cancer",1,5,1986,703
"Cancer",1,5,1987,719
"Cancer",1,5,1988,693
"Cancer",1,5,1989,693
"Cancer",1,5,1990,666
"Cancer",1,5,1991,694
"Cancer",1,5,1992,688
"Cancer",1,5,1993,656
"Cancer",1,5,1994,656
"Cancer",1,5,1995,639
"Cancer",1,5,1996,621
"Cancer",1,5,1997,590
"Cancer",1,5,1998,628
"Cancer",1,5,1999,604
"Cancer",1,5,2000,618
"Cancer",1,5,2001,585
"Cancer",1,5,2002,649
"Cancer",1,5,2003,634
"Cancer",1,5,2004,618
"Cancer",1,5,2005,593
"Cancer",1,5,2006,548
"Cancer",1,5,2007,546
"Cancer",1,5,2008,499
"Cancer",1,5,2009,539
"Cancer",1,5,2010,517
"Cancer",1,5,2011,520
"Cancer",1,5,2012,561
"Cancer",1,5,2013,511
"Cancer",1,5,2014,521
"Cancer",1,5,2015,502
"Cancer",1,5,2016,527
"Cancer",1,15,1980,1737
"Cancer",1,15,1981,1529
"Cancer",1,15,1982,1510
"Cancer",1,15,1983,1416
"Cancer",1,15,1984,1402
"Cancer",1,15,1985,1343
"Cancer",1,15,1986,1382
"Cancer",1,15,1987,1217
"Cancer",1,15,1988,1171
"Cancer",1,15,1989,1122
"Cancer",1,15,1990,1125
"Cancer",1,15,1991,1132
"Cancer",1,15,1992,1136
"Cancer",1,15,1993,1067
"Cancer",1,15,1994,1119
"Cancer",1,15,1995,1066
"Cancer",1,15,1996,1015
"Cancer",1,15,1997,1045
"Cancer",1,15,1998,1101
"Cancer",1,15,1999,1077
"Cancer",1,15,2000,1084
"Cancer",1,15,2001,1077
"Cancer",1,15,2002,1066
"Cancer",1,15,2003,1033
"Cancer",1,15,2004,1090
"Cancer",1,15,2005,1089
"Cancer",1,15,2006,1058
"Cancer",1,15,2007,1030
"Cancer",1,15,2008,1080
"Cancer",1,15,2009,1040
"Cancer",1,15,2010,1055
"Cancer",1,15,2011,1011
"Cancer",1,15,2012,973
"Cancer",1,15,2013,916
"Cancer",1,15,2014,991
"Cancer",1,15,2015,926
"Cancer",1,15,2016,948
"Cancer",1,25,1980,2565
"Cancer",1,25,1981,2542
"Cancer",1,25,1982,2588
"Cancer",1,25,1983,2649
"Cancer",1,25,1984,2745
"Cancer",1,25,1985,2836
"Cancer",1,25,1986,2986
"Cancer",1,25,1987,2719
"Cancer",1,25,1988,2660
"Cancer",1,25,1989,2687
"Cancer",1,25,1990,2828
"Cancer",1,25,1991,2734
"Cancer",1,25,1992,2686
"Cancer",1,25,1993,2622
"Cancer",1,25,1994,2624
"Cancer",1,25,1995,2520
"Cancer",1,25,1996,2409
"Cancer",1,25,1997,2385
"Cancer",1,25,1998,2197
"Cancer",1,25,1999,2055
"Cancer",1,25,2000,1936
"Cancer",1,25,2001,1937
"Cancer",1,25,2002,1952
"Cancer",1,25,2003,1902
"Cancer",1,25,2004,1844
"Cancer",1,25,2005,1891
"Cancer",1,25,2006,1837
"Cancer",1,25,2007,1781
"Cancer",1,25,2008,1852
"Cancer",1,25,2009,1897
"Cancer",1,25,2010,1888
"Cancer",1,25,2011,1805
"Cancer",1,25,2012,1874
"Cancer",1,25,2013,1931
"Cancer",1,25,2014,1871
"Cancer",1,25,2015,1908
"Cancer",1,25,2016,1896
"Cancer",1,35,1980,5658
"Cancer",1,35,1981,5685
"Cancer",1,35,1982,5977
"Cancer",1,35,1983,6082
"Cancer",1,35,1984,6404
"Cancer",1,35,1985,6760
"Cancer",1,35,1986,6790
"Cancer",1,35,1987,6731
"Cancer",1,35,1988,7069
"Cancer",1,35,1989,7072
"Cancer",1,35,1990,7290
"Cancer",1,35,1991,7710
"Cancer",1,35,1992,7699
"Cancer",1,35,1993,7884
"Cancer",1,35,1994,7809
"Cancer",1,35,1995,7871
"Cancer",1,35,1996,7882
"Cancer",1,35,1997,7717
"Cancer",1,35,1998,7766
"Cancer",1,35,1999,7668
"Cancer",1,35,2000,7532
"Cancer",1,35,2001,7490
"Cancer",1,35,2002,7252
"Cancer",1,35,2003,7020
"Cancer",1,35,2004,6580
"Cancer",1,35,2005,6524
"Cancer",1,35,2006,6146
"Cancer",1,35,2007,5882
"Cancer",1,35,2008,5644
"Cancer",1,35,2009,5554
"Cancer",1,35,2010,5289
"Cancer",1,35,2011,5168
"Cancer",1,35,2012,4989
"Cancer",1,35,2013,4957
"Cancer",1,35,2014,4953
"Cancer",1,35,2015,4791
"Cancer",1,35,2016,4744
"Cancer",1,45,1980,21022
"Cancer",1,45,1981,20663
"Cancer",1,45,1982,20287
"Cancer",1,45,1983,19736
"Cancer",1,45,1984,19510
"Cancer",1,45,1985,19355
"Cancer",1,45,1986,19181
"Cancer",1,45,1987,19326
"Cancer",1,45,1988,19764
"Cancer",1,45,1989,19940
"Cancer",1,45,1990,20074
"Cancer",1,45,1991,20201
"Cancer",1,45,1992,20847
"Cancer",1,45,1993,21344
"Cancer",1,45,1994,21984
"Cancer",1,45,1995,22090
"Cancer",1,45,1996,22543
"Cancer",1,45,1997,22972
"Cancer",1,45,1998,23358
"Cancer",1,45,1999,23996
"Cancer",1,45,2000,24600
"Cancer",1,45,2001,25462
"Cancer",1,45,2002,25557
"Cancer",1,45,2003,25908
"Cancer",1,45,2004,25814
"Cancer",1,45,2005,25807
"Cancer",1,45,2006,25773
"Cancer",1,45,2007,25752
"Cancer",1,45,2008,26111
"Cancer",1,45,2009,25839
"Cancer",1,45,2010,25590
"Cancer",1,45,2011,24715
"Cancer",1,45,2012,24337
"Cancer",1,45,2013,23332
"Cancer",1,45,2014,22410
"Cancer",1,45,2015,21547
"Cancer",1,45,2016,20256
"Cancer",1,55,1980,53413
"Cancer",1,55,1981,53721
"Cancer",1,55,1982,54606
"Cancer",1,55,1983,55138
"Cancer",1,55,1984,56070
"Cancer",1,55,1985,56239
"Cancer",1,55,1986,55293
"Cancer",1,55,1987,55225
"Cancer",1,55,1988,54619
"Cancer",1,55,1989,53994
"Cancer",1,55,1990,53431
"Cancer",1,55,1991,52641
"Cancer",1,55,1992,51315
"Cancer",1,55,1993,50806
"Cancer",1,55,1994,49870
"Cancer",1,55,1995,48684
"Cancer",1,55,1996,48132
"Cancer",1,55,1997,47504
"Cancer",1,55,1998,48062
"Cancer",1,55,1999,49489
"Cancer",1,55,2000,49084
"Cancer",1,55,2001,49917
"Cancer",1,55,2002,51795
"Cancer",1,55,2003,52612
"Cancer",1,55,2004,53488
"Cancer",1,55,2005,54793
"Cancer",1,55,2006,56080
"Cancer",1,55,2007,57397
"Cancer",1,55,2008,58359
"Cancer",1,55,2009,59907
"Cancer",1,55,2010,61540
"Cancer",1,55,2011,63334
"Cancer",1,55,2012,63519
"Cancer",1,55,2013,63671
"Cancer",1,55,2014,64770
"Cancer",1,55,2015,65107
"Cancer",1,55,2016,64637
"Cancer",1,65,1980,74616
"Cancer",1,65,1981,75835
"Cancer",1,65,1982,77752
"Cancer",1,65,1983,79115
"Cancer",1,65,1984,80495
"Cancer",1,65,1985,81898
"Cancer",1,65,1986,83843
"Cancer",1,65,1987,85683
"Cancer",1,65,1988,85977
"Cancer",1,65,1989,88113
"Cancer",1,65,1990,89537
"Cancer",1,65,1991,90673
"Cancer",1,65,1992,91071
"Cancer",1,65,1993,92512
"Cancer",1,65,1994,92165
"Cancer",1,65,1995,91718
"Cancer",1,65,1996,90710
"Cancer",1,65,1997,88257
"Cancer",1,65,1998,87015
"Cancer",1,65,1999,86066
"Cancer",1,65,2000,84606
"Cancer",1,65,2001,83138
"Cancer",1,65,2002,81400
"Cancer",1,65,2003,79127
"Cancer",1,65,2004,77809
"Cancer",1,65,2005,78027
"Cancer",1,65,2006,76828
"Cancer",1,65,2007,77278
"Cancer",1,65,2008,79038
"Cancer",1,65,2009,79331
"Cancer",1,65,2010,81149
"Cancer",1,65,2011,81725
"Cancer",1,65,2012,85229
"Cancer",1,65,2013,87326
"Cancer",1,65,2014,89686
"Cancer",1,65,2015,92331
"Cancer",1,65,2016,93434
"Cancer",1,75,1980,52015
"Cancer",1,75,1981,52872
"Cancer",1,75,1982,55486
"Cancer",1,75,1983,57728
"Cancer",1,75,1984,59253
"Cancer",1,75,1985,61323
"Cancer",1,75,1986,63340
"Cancer",1,75,1987,65399
"Cancer",1,75,1988,67519
"Cancer",1,75,1989,70154
"Cancer",1,75,1990,72508
"Cancer",1,75,1991,74707
"Cancer",1,75,1992,76352
"Cancer",1,75,1993,78183
"Cancer",1,75,1994,79265
"Cancer",1,75,1995,80727
"Cancer",1,75,1996,81878
"Cancer",1,75,1997,82984
"Cancer",1,75,1998,84148
"Cancer",1,75,1999,87278
"Cancer",1,75,2000,88226
"Cancer",1,75,2001,88529
"Cancer",1,75,2002,89284
"Cancer",1,75,2003,89761
"Cancer",1,75,2004,89112
"Cancer",1,75,2005,89515
"Cancer",1,75,2006,88953
"Cancer",1,75,2007,88497
"Cancer",1,75,2008,87324
"Cancer",1,75,2009,86044
"Cancer",1,75,2010,85470
"Cancer",1,75,2011,84924
"Cancer",1,75,2012,84307
"Cancer",1,75,2013,84015
"Cancer",1,75,2014,84482
"Cancer",1,75,2015,84377
"Cancer",1,75,2016,84479
"Cancer",1,85,1980,16381
"Cancer",1,85,1981,16835
"Cancer",1,85,1982,17674
"Cancer",1,85,1983,18177
"Cancer",1,85,1984,18640
"Cancer",1,85,1985,18994
"Cancer",1,85,1986,19690
"Cancer",1,85,1987,20275
"Cancer",1,85,1988,21222
"Cancer",1,85,1989,22180
"Cancer",1,85,1990,23427
"Cancer",1,85,1991,24652
"Cancer",1,85,1992,25915
"Cancer",1,85,1993,27278
"Cancer",1,85,1994,27974
"Cancer",1,85,1995,29359
"Cancer",1,85,1996,29750
"Cancer",1,85,1997,30667
"Cancer",1,85,1998,31009
"Cancer",1,85,1999,33787
"Cancer",1,85,2000,34596
"Cancer",1,85,2001,35352
"Cancer",1,85,2002,36026
"Cancer",1,85,2003,36348
"Cancer",1,85,2004,36919
"Cancer",1,85,2005,38683
"Cancer",1,85,2006,39522
"Cancer",1,85,2007,41664
"Cancer",1,85,2008,42494
"Cancer",1,85,2009,43872
"Cancer",1,85,2010,45970
"Cancer",1,85,2011,46511
"Cancer",1,85,2012,47444
"Cancer",1,85,2013,48714
"Cancer",1,85,2014,49880
"Cancer",1,85,2015,50706
"Cancer",1,85,2016,51738
"Cancer",2,0,1980,323
"Cancer",2,0,1981,399
"Cancer",2,0,1982,399
"Cancer",2,0,1983,397
"Cancer",2,0,1984,376
"Cancer",2,0,1985,352
"Cancer",2,0,1986,359
"Cancer",2,0,1987,358
"Cancer",2,0,1988,371
"Cancer",2,0,1989,344
"Cancer",2,0,1990,355
"Cancer",2,0,1991,338
"Cancer",2,0,1992,329
"Cancer",2,0,1993,314
"Cancer",2,0,1994,331
"Cancer",2,0,1995,282
"Cancer",2,0,1996,287
"Cancer",2,0,1997,309
"Cancer",2,0,1998,267
"Cancer",2,0,1999,281
"Cancer",2,0,2000,277
"Cancer",2,0,2001,279
"Cancer",2,0,2002,287
"Cancer",2,0,2003,256
"Cancer",2,0,2004,285
"Cancer",2,0,2005,248
"Cancer",2,0,2006,275
"Cancer",2,0,2007,272
"Cancer",2,0,2008,258
"Cancer",2,0,2009,255
"Cancer",2,0,2010,230
"Cancer",2,0,2011,239
"Cancer",2,0,2012,261
"Cancer",2,0,2013,230
"Cancer",2,0,2014,220
"Cancer",2,0,2015,223
"Cancer",2,0,2016,255
"Cancer",2,5,1980,665
"Cancer",2,5,1981,656
"Cancer",2,5,1982,633
"Cancer",2,5,1983,614
"Cancer",2,5,1984,551
"Cancer",2,5,1985,552
"Cancer",2,5,1986,552
"Cancer",2,5,1987,500
"Cancer",2,5,1988,506
"Cancer",2,5,1989,547
"Cancer",2,5,1990,528
"Cancer",2,5,1991,485
"Cancer",2,5,1992,514
"Cancer",2,5,1993,505
"Cancer",2,5,1994,498
"Cancer",2,5,1995,492
"Cancer",2,5,1996,492
"Cancer",2,5,1997,516
"Cancer",2,5,1998,469
"Cancer",2,5,1999,509
"Cancer",2,5,2000,495
"Cancer",2,5,2001,528
"Cancer",2,5,2002,512
"Cancer",2,5,2003,521
"Cancer",2,5,2004,485
"Cancer",2,5,2005,483
"Cancer",2,5,2006,435
"Cancer",2,5,2007,497
"Cancer",2,5,2008,479
"Cancer",2,5,2009,442
"Cancer",2,5,2010,481
"Cancer",2,5,2011,410
"Cancer",2,5,2012,438
"Cancer",2,5,2013,449
"Cancer",2,5,2014,405
"Cancer",2,5,2015,435
"Cancer",2,5,2016,412
"Cancer",2,15,1980,1076
"Cancer",2,15,1981,1000
"Cancer",2,15,1982,1114
"Cancer",2,15,1983,997
"Cancer",2,15,1984,891
"Cancer",2,15,1985,899
"Cancer",2,15,1986,865
"Cancer",2,15,1987,828
"Cancer",2,15,1988,823
"Cancer",2,15,1989,816
"Cancer",2,15,1990,787
"Cancer",2,15,1991,785
"Cancer",2,15,1992,774
"Cancer",2,15,1993,767
"Cancer",2,15,1994,731
"Cancer",2,15,1995,678
"Cancer",2,15,1996,715
"Cancer",2,15,1997,715
"Cancer",2,15,1998,719
"Cancer",2,15,1999,745
"Cancer",2,15,2000,724
"Cancer",2,15,2001,729
"Cancer",2,15,2002,751
"Cancer",2,15,2003,714
"Cancer",2,15,2004,729
"Cancer",2,15,2005,721
"Cancer",2,15,2006,686
"Cancer",2,15,2007,704
"Cancer",2,15,2008,678
"Cancer",2,15,2009,668
"Cancer",2,15,2010,642
"Cancer",2,15,2011,699
"Cancer",2,15,2012,683
"Cancer",2,15,2013,660
"Cancer",2,15,2014,654
"Cancer",2,15,2015,626
"Cancer",2,15,2016,553
"Cancer",2,25,1980,2711
"Cancer",2,25,1981,2732
"Cancer",2,25,1982,2657
"Cancer",2,25,1983,2687
"Cancer",2,25,1984,2792
"Cancer",2,25,1985,2844
"Cancer",2,25,1986,2821
"Cancer",2,25,1987,2835
"Cancer",2,25,1988,2745
"Cancer",2,25,1989,2793
"Cancer",2,25,1990,2812
"Cancer",2,25,1991,2780
"Cancer",2,25,1992,2814
"Cancer",2,25,1993,2676
"Cancer",2,25,1994,2621
"Cancer",2,25,1995,2565
"Cancer",2,25,1996,2600
"Cancer",2,25,1997,2409
"Cancer",2,25,1998,2363
"Cancer",2,25,1999,2121
"Cancer",2,25,2000,2145
"Cancer",2,25,2001,2208
"Cancer",2,25,2002,2083
"Cancer",2,25,2003,2017
"Cancer",2,25,2004,1962
"Cancer",2,25,2005,1872
"Cancer",2,25,2006,1962
"Cancer",2,25,2007,1820
"Cancer",2,25,2008,1821
"Cancer",2,25,2009,1910
"Cancer",2,25,2010,1894
"Cancer",2,25,2011,1858
"Cancer",2,25,2012,1932
"Cancer",2,25,2013,1881
"Cancer",2,25,2014,1893
"Cancer",2,25,2015,1943
"Cancer",2,25,2016,2005
"Cancer",2,35,1980,7076
"Cancer",2,35,1981,6931
"Cancer",2,35,1982,7313
"Cancer",2,35,1983,7599
"Cancer",2,35,1984,8100
"Cancer",2,35,1985,8054
"Cancer",2,35,1986,8463
"Cancer",2,35,1987,8449
"Cancer",2,35,1988,8785
"Cancer",2,35,1989,8954
"Cancer",2,35,1990,9229
"Cancer",2,35,1991,9490
"Cancer",2,35,1992,9504
"Cancer",2,35,1993,9212
"Cancer",2,35,1994,9418
"Cancer",2,35,1995,9570
"Cancer",2,35,1996,9524
"Cancer",2,35,1997,9698
"Cancer",2,35,1998,9587
"Cancer",2,35,1999,9406
"Cancer",2,35,2000,9356
"Cancer",2,35,2001,9445
"Cancer",2,35,2002,9199
"Cancer",2,35,2003,8828
"Cancer",2,35,2004,8461
"Cancer",2,35,2005,8410
"Cancer",2,35,2006,8087
"Cancer",2,35,2007,7746
"Cancer",2,35,2008,7361
"Cancer",2,35,2009,7258
"Cancer",2,35,2010,6799
"Cancer",2,35,2011,6795
"Cancer",2,35,2012,6603
"Cancer",2,35,2013,6656
"Cancer",2,35,2014,6564
"Cancer",2,35,2015,6379
"Cancer",2,35,2016,6402
"Cancer",2,45,1980,20549
"Cancer",2,45,1981,20011
"Cancer",2,45,1982,19506
"Cancer",2,45,1983,19247
"Cancer",2,45,1984,19213
"Cancer",2,45,1985,19269
"Cancer",2,45,1986,19058
"Cancer",2,45,1987,19282
"Cancer",2,45,1988,19415
"Cancer",2,45,1989,19608
"Cancer",2,45,1990,20148
"Cancer",2,45,1991,20107
"Cancer",2,45,1992,20797
"Cancer",2,45,1993,21505
"Cancer",2,45,1994,22112
"Cancer",2,45,1995,22598
"Cancer",2,45,1996,22583
"Cancer",2,45,1997,22960
"Cancer",2,45,1998,22906
"Cancer",2,45,1999,23347
"Cancer",2,45,2000,24124
"Cancer",2,45,2001,24819
"Cancer",2,45,2002,24794
"Cancer",2,45,2003,24617
"Cancer",2,45,2004,24404
"Cancer",2,45,2005,25327
"Cancer",2,45,2006,25355
"Cancer",2,45,2007,25114
"Cancer",2,45,2008,25006
"Cancer",2,45,2009,25524
"Cancer",2,45,2010,25372
"Cancer",2,45,2011,24850
"Cancer",2,45,2012,24333
"Cancer",2,45,2013,23503
"Cancer",2,45,2014,23071
"Cancer",2,45,2015,22182
"Cancer",2,45,2016,21613
"Cancer",2,55,1980,42289
"Cancer",2,55,1981,42427
"Cancer",2,55,1982,43930
"Cancer",2,55,1983,44317
"Cancer",2,55,1984,44918
"Cancer",2,55,1985,45340
"Cancer",2,55,1986,44430
"Cancer",2,55,1987,44040
"Cancer",2,55,1988,43879
"Cancer",2,55,1989,42930
"Cancer",2,55,1990,42243
"Cancer",2,55,1991,42341
"Cancer",2,55,1992,41051
"Cancer",2,55,1993,40650
"Cancer",2,55,1994,40134
"Cancer",2,55,1995,40018
"Cancer",2,55,1996,39486
"Cancer",2,55,1997,39536
"Cancer",2,55,1998,39735
"Cancer",2,55,1999,40711
"Cancer",2,55,2000,41145
"Cancer",2,55,2001,41559
"Cancer",2,55,2002,42789
"Cancer",2,55,2003,44318
"Cancer",2,55,2004,44778
"Cancer",2,55,2005,45765
"Cancer",2,55,2006,46689
"Cancer",2,55,2007,47190
"Cancer",2,55,2008,47111
"Cancer",2,55,2009,48398
"Cancer",2,55,2010,49399
"Cancer",2,55,2011,50723
"Cancer",2,55,2012,51114
"Cancer",2,55,2013,51155
"Cancer",2,55,2014,52122
"Cancer",2,55,2015,52635
"Cancer",2,55,2016,53295
"Cancer",2,65,1980,54383
"Cancer",2,65,1981,55457
"Cancer",2,65,1982,57227
"Cancer",2,65,1983,59316
"Cancer",2,65,1984,60867
"Cancer",2,65,1985,62309
"Cancer",2,65,1986,64501
"Cancer",2,65,1987,65009
"Cancer",2,65,1988,66413
"Cancer",2,65,1989,68462
"Cancer",2,65,1990,69405
"Cancer",2,65,1991,70229
"Cancer",2,65,1992,71725
"Cancer",2,65,1993,72377
"Cancer",2,65,1994,73124
"Cancer",2,65,1995,72758
"Cancer",2,65,1996,71668
"Cancer",2,65,1997,70006
"Cancer",2,65,1998,69258
"Cancer",2,65,1999,68956
"Cancer",2,65,2000,68071
"Cancer",2,65,2001,66454
"Cancer",2,65,2002,65705
"Cancer",2,65,2003,64475
"Cancer",2,65,2004,63951
"Cancer",2,65,2005,62769
"Cancer",2,65,2006,63095
"Cancer",2,65,2007,63590
"Cancer",2,65,2008,64638
"Cancer",2,65,2009,64992
"Cancer",2,65,2010,66066
"Cancer",2,65,2011,66453
"Cancer",2,65,2012,69068
"Cancer",2,65,2013,70999
"Cancer",2,65,2014,72504
"Cancer",2,65,2015,74553
"Cancer",2,65,2016,75271
"Cancer",2,75,1980,44754
"Cancer",2,75,1981,46710
"Cancer",2,75,1982,48211
"Cancer",2,75,1983,49490
"Cancer",2,75,1984,52095
"Cancer",2,75,1985,53572
"Cancer",2,75,1986,55255
"Cancer",2,75,1987,57295
"Cancer",2,75,1988,59504
"Cancer",2,75,1989,62457
"Cancer",2,75,1990,64509
"Cancer",2,75,1991,66791
"Cancer",2,75,1992,68371
"Cancer",2,75,1993,70565
"Cancer",2,75,1994,72350
"Cancer",2,75,1995,73678
"Cancer",2,75,1996,74939
"Cancer",2,75,1997,75660
"Cancer",2,75,1998,76727
"Cancer",2,75,1999,79964
"Cancer",2,75,2000,81518
"Cancer",2,75,2001,81570
"Cancer",2,75,2002,82375
"Cancer",2,75,2003,82545
"Cancer",2,75,2004,81617
"Cancer",2,75,2005,81500
"Cancer",2,75,2006,80686
"Cancer",2,75,2007,79828
"Cancer",2,75,2008,78360
"Cancer",2,75,2009,76477
"Cancer",2,75,2010,76265
"Cancer",2,75,2011,75062
"Cancer",2,75,2012,74504
"Cancer",2,75,2013,73753
"Cancer",2,75,2014,74362
"Cancer",2,75,2015,73729
"Cancer",2,75,2016,74181
"Cancer",2,85,1980,20037
"Cancer",2,85,1981,21044
"Cancer",2,85,1982,22102
"Cancer",2,85,1983,23409
"Cancer",2,85,1984,24400
"Cancer",2,85,1985,25126
"Cancer",2,85,1986,26105
"Cancer",2,85,1987,27169
"Cancer",2,85,1988,28232
"Cancer",2,85,1989,29573
"Cancer",2,85,1990,30750
"Cancer",2,85,1991,32739
"Cancer",2,85,1992,33662
"Cancer",2,85,1993,35959
"Cancer",2,85,1994,36634
"Cancer",2,85,1995,38479
"Cancer",2,85,1996,39566
"Cancer",2,85,1997,40947
"Cancer",2,85,1998,41848
"Cancer",2,85,1999,44670
"Cancer",2,85,2000,46140
"Cancer",2,85,2001,46042
"Cancer",2,85,2002,46769
"Cancer",2,85,2003,47493
"Cancer",2,85,2004,47200
"Cancer",2,85,2005,48681
"Cancer",2,85,2006,49684
"Cancer",2,85,2007,50201
"Cancer",2,85,2008,51504
"Cancer",2,85,2009,51988
"Cancer",2,85,2010,53754
"Cancer",2,85,2011,54597
"Cancer",2,85,2012,55191
"Cancer",2,85,2013,55184
"Cancer",2,85,2014,56125
"Cancer",2,85,2015,57033
"Cancer",2,85,2016,56888
"Cardiopulmonary",1,0,1980,2136
"Cardiopulmonary",1,0,1981,1946
"Cardiopulmonary",1,0,1982,1936
"Cardiopulmonary",1,0,1983,2022
"Cardiopulmonary",1,0,1984,1848
"Cardiopulmonary",1,0,1985,1899
"Cardiopulmonary",1,0,1986,1917
"Cardiopulmonary",1,0,1987,1810
"Cardiopulmonary",1,0,1988,1742
"Cardiopulmonary",1,0,1989,1680
"Cardiopulmonary",1,0,1990,1645
"Cardiopulmonary",1,0,1991,1630
"Cardiopulmonary",1,0,1992,1611
"Cardiopulmonary",1,0,1993,1564
"Cardiopulmonary",1,0,1994,1547
"Cardiopulmonary",1,0,1995,1374
"Cardiopulmonary",1,0,1996,1380
"Cardiopulmonary",1,0,1997,1396
"Cardiopulmonary",1,0,1998,1329
"Cardiopulmonary",1,0,1999,1044
"Cardiopulmonary",1,0,2000,996
"Cardiopulmonary",1,0,2001,1038
"Cardiopulmonary",1,0,2002,1049
"Cardiopulmonary",1,0,2003,1076
"Cardiopulmonary",1,0,2004,965
"Cardiopulmonary",1,0,2005,982
"Cardiopulmonary",1,0,2006,999
"Cardiopulmonary",1,0,2007,1013
"Cardiopulmonary",1,0,2008,974
"Cardiopulmonary",1,0,2009,956
"Cardiopulmonary",1,0,2010,915
"Cardiopulmonary",1,0,2011,903
"Cardiopulmonary",1,0,2012,830
"Cardiopulmonary",1,0,2013,853
"Cardiopulmonary",1,0,2014,794
"Cardiopulmonary",1,0,2015,805
"Cardiopulmonary",1,0,2016,834
"Cardiopulmonary",1,5,1980,440
"Cardiopulmonary",1,5,1981,445
"Cardiopulmonary",1,5,1982,443
"Cardiopulmonary",1,5,1983,409
"Cardiopulmonary",1,5,1984,451
"Cardiopulmonary",1,5,1985,383
"Cardiopulmonary",1,5,1986,403
"Cardiopulmonary",1,5,1987,422
"Cardiopulmonary",1,5,1988,433
"Cardiopulmonary",1,5,1989,410
"Cardiopulmonary",1,5,1990,422
"Cardiopulmonary",1,5,1991,418
"Cardiopulmonary",1,5,1992,392
"Cardiopulmonary",1,5,1993,434
"Cardiopulmonary",1,5,1994,433
"Cardiopulmonary",1,5,1995,420
"Cardiopulmonary",1,5,1996,455
"Cardiopulmonary",1,5,1997,425
"Cardiopulmonary",1,5,1998,451
"Cardiopulmonary",1,5,1999,393
"Cardiopulmonary",1,5,2000,390
"Cardiopulmonary",1,5,2001,344
"Cardiopulmonary",1,5,2002,363
"Cardiopulmonary",1,5,2003,401
"Cardiopulmonary",1,5,2004,337
"Cardiopulmonary",1,5,2005,365
"Cardiopulmonary",1,5,2006,372
"Cardiopulmonary",1,5,2007,360
"Cardiopulmonary",1,5,2008,345
"Cardiopulmonary",1,5,2009,409
"Cardiopulmonary",1,5,2010,323
"Cardiopulmonary",1,5,2011,346
"Cardiopulmonary",1,5,2012,292
"Cardiopulmonary",1,5,2013,350
"Cardiopulmonary",1,5,2014,344
"Cardiopulmonary",1,5,2015,344
"Cardiopulmonary",1,5,2016,338
"Cardiopulmonary",1,15,1980,1518
"Cardiopulmonary",1,15,1981,1326
"Cardiopulmonary",1,15,1982,1339
"Cardiopulmonary",1,15,1983,1298
"Cardiopulmonary",1,15,1984,1287
"Cardiopulmonary",1,15,1985,1310
"Cardiopulmonary",1,15,1986,1292
"Cardiopulmonary",1,15,1987,1222
"Cardiopulmonary",1,15,1988,1280
"Cardiopulmonary",1,15,1989,1116
"Cardiopulmonary",1,15,1990,1069
"Cardiopulmonary",1,15,1991,1148
"Cardiopulmonary",1,15,1992,1134
"Cardiopulmonary",1,15,1993,1134
"Cardiopulmonary",1,15,1994,1119
"Cardiopulmonary",1,15,1995,1145
"Cardiopulmonary",1,15,1996,1083
"Cardiopulmonary",1,15,1997,1179
"Cardiopulmonary",1,15,1998,1152
"Cardiopulmonary",1,15,1999,1120
"Cardiopulmonary",1,15,2000,1122
"Cardiopulmonary",1,15,2001,1128
"Cardiopulmonary",1,15,2002,1178
"Cardiopulmonary",1,15,2003,1262
"Cardiopulmonary",1,15,2004,1199
"Cardiopulmonary",1,15,2005,1227
"Cardiopulmonary",1,15,2006,1181
"Cardiopulmonary",1,15,2007,1206
"Cardiopulmonary",1,15,2008,1232
"Cardiopulmonary",1,15,2009,1335
"Cardiopulmonary",1,15,2010,1197
"Cardiopulmonary",1,15,2011,1215
"Cardiopulmonary",1,15,2012,1100
"Cardiopulmonary",1,15,2013,1088
"Cardiopulmonary",1,15,2014,1112
"Cardiopulmonary",1,15,2015,1175
"Cardiopulmonary",1,15,2016,1116
"Cardiopulmonary",1,25,1980,3444
"Cardiopulmonary",1,25,1981,3584
"Cardiopulmonary",1,25,1982,3581
"Cardiopulmonary",1,25,1983,3707
"Cardiopulmonary",1,25,1984,3732
"Cardiopulmonary",1,25,1985,3807
"Cardiopulmonary",1,25,1986,4051
"Cardiopulmonary",1,25,1987,4054
"Cardiopulmonary",1,25,1988,4125
"Cardiopulmonary",1,25,1989,3957
"Cardiopulmonary",1,25,1990,3727
"Cardiopulmonary",1,25,1991,3746
"Cardiopulmonary",1,25,1992,3665
"Cardiopulmonary",1,25,1993,3746
"Cardiopulmonary",1,25,1994,3650
"Cardiopulmonary",1,25,1995,3656
"Cardiopulmonary",1,25,1996,3388
"Cardiopulmonary",1,25,1997,3344
"Cardiopulmonary",1,25,1998,3251
"Cardiopulmonary",1,25,1999,3015
"Cardiopulmonary",1,25,2000,2977
"Cardiopulmonary",1,25,2001,3090
"Cardiopulmonary",1,25,2002,3124
"Cardiopulmonary",1,25,2003,3215
"Cardiopulmonary",1,25,2004,3151
"Cardiopulmonary",1,25,2005,3183
"Cardiopulmonary",1,25,2006,3282
"Cardiopulmonary",1,25,2007,3137
"Cardiopulmonary",1,25,2008,3227
"Cardiopulmonary",1,25,2009,3425
"Cardiopulmonary",1,25,2010,3293
"Cardiopulmonary",1,25,2011,3344
"Cardiopulmonary",1,25,2012,3303
"Cardiopulmonary",1,25,2013,3364
"Cardiopulmonary",1,25,2014,3579
"Cardiopulmonary",1,25,2015,3502
"Cardiopulmonary",1,25,2016,3584
"Cardiopulmonary",1,35,1980,11172
"Cardiopulmonary",1,35,1981,11123
"Cardiopulmonary",1,35,1982,11110
"Cardiopulmonary",1,35,1983,11288
"Cardiopulmonary",1,35,1984,11722
"Cardiopulmonary",1,35,1985,11997
"Cardiopulmonary",1,35,1986,12586
"Cardiopulmonary",1,35,1987,12553
"Cardiopulmonary",1,35,1988,12471
"Cardiopulmonary",1,35,1989,12338
"Cardiopulmonary",1,35,1990,12337
"Cardiopulmonary",1,35,1991,12809
"Cardiopulmonary",1,35,1992,13032
"Cardiopulmonary",1,35,1993,13318
"Cardiopulmonary",1,35,1994,13333
"Cardiopulmonary",1,35,1995,13753
"Cardiopulmonary",1,35,1996,13280
"Cardiopulmonary",1,35,1997,13272
"Cardiopulmonary",1,35,1998,13365
"Cardiopulmonary",1,35,1999,13060
"Cardiopulmonary",1,35,2000,12834
"Cardiopulmonary",1,35,2001,12781
"Cardiopulmonary",1,35,2002,12961
"Cardiopulmonary",1,35,2003,12812
"Cardiopulmonary",1,35,2004,12271
"Cardiopulmonary",1,35,2005,12120
"Cardiopulmonary",1,35,2006,11757
"Cardiopulmonary",1,35,2007,11486
"Cardiopulmonary",1,35,2008,10904
"Cardiopulmonary",1,35,2009,10999
"Cardiopulmonary",1,35,2010,10187
"Cardiopulmonary",1,35,2011,10183
"Cardiopulmonary",1,35,2012,9895
"Cardiopulmonary",1,35,2013,9998
"Cardiopulmonary",1,35,2014,10132
"Cardiopulmonary",1,35,2015,9964
"Cardiopulmonary",1,35,2016,10267
"Cardiopulmonary",1,45,1980,38489
"Cardiopulmonary",1,45,1981,37003
"Cardiopulmonary",1,45,1982,35332
"Cardiopulmonary",1,45,1983,34176
"Cardiopulmonary",1,45,1984,32924
"Cardiopulmonary",1,45,1985,32372
"Cardiopulmonary",1,45,1986,30740
"Cardiopulmonary",1,45,1987,30438
"Cardiopulmonary",1,45,1988,29903
"Cardiopulmonary",1,45,1989,29327
"Cardiopulmonary",1,45,1990,28736
"Cardiopulmonary",1,45,1991,28949
"Cardiopulmonary",1,45,1992,29706
"Cardiopulmonary",1,45,1993,31086
"Cardiopulmonary",1,45,1994,32212
"Cardiopulmonary",1,45,1995,33177
"Cardiopulmonary",1,45,1996,33471
"Cardiopulmonary",1,45,1997,33981
"Cardiopulmonary",1,45,1998,33621
"Cardiopulmonary",1,45,1999,33380
"Cardiopulmonary",1,45,2000,34515
"Cardiopulmonary",1,45,2001,34909
"Cardiopulmonary",1,45,2002,36055
"Cardiopulmonary",1,45,2003,36643
"Cardiopulmonary",1,45,2004,36329
"Cardiopulmonary",1,45,2005,37315
"Cardiopulmonary",1,45,2006,37098
"Cardiopulmonary",1,45,2007,36718
"Cardiopulmonary",1,45,2008,36614
"Cardiopulmonary",1,45,2009,36825
"Cardiopulmonary",1,45,2010,35593
"Cardiopulmonary",1,45,2011,35519
"Cardiopulmonary",1,45,2012,34249
"Cardiopulmonary",1,45,2013,34590
"Cardiopulmonary",1,45,2014,34004
"Cardiopulmonary",1,45,2015,33072
"Cardiopulmonary",1,45,2016,33131
"Cardiopulmonary",1,55,1980,97645
"Cardiopulmonary",1,55,1981,95607
"Cardiopulmonary",1,55,1982,93167
"Cardiopulmonary",1,55,1983,92815
"Cardiopulmonary",1,55,1984,90968
"Cardiopulmonary",1,55,1985,89360
"Cardiopulmonary",1,55,1986,85802
"Cardiopulmonary",1,55,1987,81822
"Cardiopulmonary",1,55,1988,79892
"Cardiopulmonary",1,55,1989,75121
"Cardiopulmonary",1,55,1990,71759
"Cardiopulmonary",1,55,1991,69490
"Cardiopulmonary",1,55,1992,67035
"Cardiopulmonary",1,55,1993,67064
"Cardiopulmonary",1,55,1994,64773
"Cardiopulmonary",1,55,1995,63686
"Cardiopulmonary",1,55,1996,63159
"Cardiopulmonary",1,55,1997,62102
"Cardiopulmonary",1,55,1998,61720
"Cardiopulmonary",1,55,1999,60815
"Cardiopulmonary",1,55,2000,60669
"Cardiopulmonary",1,55,2001,59691
"Cardiopulmonary",1,55,2002,61676
"Cardiopulmonary",1,55,2003,63057
"Cardiopulmonary",1,55,2004,62253
"Cardiopulmonary",1,55,2005,64505
"Cardiopulmonary",1,55,2006,64797
"Cardiopulmonary",1,55,2007,65908
"Cardiopulmonary",1,55,2008,67496
"Cardiopulmonary",1,55,2009,68483
"Cardiopulmonary",1,55,2010,69296
"Cardiopulmonary",1,55,2011,71708
"Cardiopulmonary",1,55,2012,72940
"Cardiopulmonary",1,55,2013,75633
"Cardiopulmonary",1,55,2014,77776
"Cardiopulmonary",1,55,2015,79532
"Cardiopulmonary",1,55,2016,81568
"Cardiopulmonary",1,65,1980,164927
"Cardiopulmonary",1,65,1981,162176
"Cardiopulmonary",1,65,1982,160883
"Cardiopulmonary",1,65,1983,162436
"Cardiopulmonary",1,65,1984,159629
"Cardiopulmonary",1,65,1985,161116
"Cardiopulmonary",1,65,1986,158486
"Cardiopulmonary",1,65,1987,155827
"Cardiopulmonary",1,65,1988,156172
"Cardiopulmonary",1,65,1989,148240
"Cardiopulmonary",1,65,1990,145564
"Cardiopulmonary",1,65,1991,144175
"Cardiopulmonary",1,65,1992,141622
"Cardiopulmonary",1,65,1993,144262
"Cardiopulmonary",1,65,1994,140714
"Cardiopulmonary",1,65,1995,138604
"Cardiopulmonary",1,65,1996,134362
"Cardiopulmonary",1,65,1997,131461
"Cardiopulmonary",1,65,1998,127804
"Cardiopulmonary",1,65,1999,123001
"Cardiopulmonary",1,65,2000,117567
"Cardiopulmonary",1,65,2001,112174
"Cardiopulmonary",1,65,2002,109072
"Cardiopulmonary",1,65,2003,105232
"Cardiopulmonary",1,65,2004,99023
"Cardiopulmonary",1,65,2005,97398
"Cardiopulmonary",1,65,2006,93292
"Cardiopulmonary",1,65,2007,91787
"Cardiopulmonary",1,65,2008,94601
"Cardiopulmonary",1,65,2009,93945
"Cardiopulmonary",1,65,2010,94490
"Cardiopulmonary",1,65,2011,95723
"Cardiopulmonary",1,65,2012,99292
"Cardiopulmonary",1,65,2013,105885
"Cardiopulmonary",1,65,2014,109702
"Cardiopulmonary",1,65,2015,115524
"Cardiopulmonary",1,65,2016,120786
"Cardiopulmonary",1,75,1980,168649
"Cardiopulmonary",1,75,1981,167504
"Cardiopulmonary",1,75,1982,166555
"Cardiopulmonary",1,75,1983,172572
"Cardiopulmonary",1,75,1984,173021
"Cardiopulmonary",1,75,1985,177682
"Cardiopulmonary",1,75,1986,177456
"Cardiopulmonary",1,75,1987,177693
"Cardiopulmonary",1,75,1988,182258
"Cardiopulmonary",1,75,1989,176789
"Cardiopulmonary",1,75,1990,177011
"Cardiopulmonary",1,75,1991,177162
"Cardiopulmonary",1,75,1992,176160
"Cardiopulmonary",1,75,1993,184385
"Cardiopulmonary",1,75,1994,181721
"Cardiopulmonary",1,75,1995,184404
"Cardiopulmonary",1,75,1996,186392
"Cardiopulmonary",1,75,1997,187260
"Cardiopulmonary",1,75,1998,188754
"Cardiopulmonary",1,75,1999,187935
"Cardiopulmonary",1,75,2000,184814
"Cardiopulmonary",1,75,2001,182375
"Cardiopulmonary",1,75,2002,181570
"Cardiopulmonary",1,75,2003,177980
"Cardiopulmonary",1,75,2004,169665
"Cardiopulmonary",1,75,2005,167480
"Cardiopulmonary",1,75,2006,158654
"Cardiopulmonary",1,75,2007,152469
"Cardiopulmonary",1,75,2008,151851
"Cardiopulmonary",1,75,2009,144473
"Cardiopulmonary",1,75,2010,142713
"Cardiopulmonary",1,75,2011,141867
"Cardiopulmonary",1,75,2012,139405
"Cardiopulmonary",1,75,2013,142310
"Cardiopulmonary",1,75,2014,141687
"Cardiopulmonary",1,75,2015,145901
"Cardiopulmonary",1,75,2016,144799
"Cardiopulmonary",1,85,1980,94845
"Cardiopulmonary",1,85,1981,93823
"Cardiopulmonary",1,85,1982,92512
"Cardiopulmonary",1,85,1983,97016
"Cardiopulmonary",1,85,1984,97523
"Cardiopulmonary",1,85,1985,100467
"Cardiopulmonary",1,85,1986,99955
"Cardiopulmonary",1,85,1987,100856
"Cardiopulmonary",1,85,1988,104775
"Cardiopulmonary",1,85,1989,101851
"Cardiopulmonary",1,85,1990,102512
"Cardiopulmonary",1,85,1991,104979
"Cardiopulmonary",1,85,1992,106801
"Cardiopulmonary",1,85,1993,114274
"Cardiopulmonary",1,85,1994,115456
"Cardiopulmonary",1,85,1995,119052
"Cardiopulmonary",1,85,1996,121892
"Cardiopulmonary",1,85,1997,125140
"Cardiopulmonary",1,85,1998,127345
"Cardiopulmonary",1,85,1999,131032
"Cardiopulmonary",1,85,2000,132698
"Cardiopulmonary",1,85,2001,131798
"Cardiopulmonary",1,85,2002,136331
"Cardiopulmonary",1,85,2003,135904
"Cardiopulmonary",1,85,2004,131985
"Cardiopulmonary",1,85,2005,136900
"Cardiopulmonary",1,85,2006,133727
"Cardiopulmonary",1,85,2007,135367
"Cardiopulmonary",1,85,2008,140367
"Cardiopulmonary",1,85,2009,138401
"Cardiopulmonary",1,85,2010,142528
"Cardiopulmonary",1,85,2011,145844
"Cardiopulmonary",1,85,2012,149149
"Cardiopulmonary",1,85,2013,154736
"Cardiopulmonary",1,85,2014,155287
"Cardiopulmonary",1,85,2015,163126
"Cardiopulmonary",1,85,2016,161706
"Cardiopulmonary",2,0,1980,1581
"Cardiopulmonary",2,0,1981,1499
"Cardiopulmonary",2,0,1982,1433
"Cardiopulmonary",2,0,1983,1520
"Cardiopulmonary",2,0,1984,1492
"Cardiopulmonary",2,0,1985,1446
"Cardiopulmonary",2,0,1986,1375
"Cardiopulmonary",2,0,1987,1398
"Cardiopulmonary",2,0,1988,1379
"Cardiopulmonary",2,0,1989,1234
"Cardiopulmonary",2,0,1990,1296
"Cardiopulmonary",2,0,1991,1270
"Cardiopulmonary",2,0,1992,1206
"Cardiopulmonary",2,0,1993,1187
"Cardiopulmonary",2,0,1994,1116
"Cardiopulmonary",2,0,1995,1132
"Cardiopulmonary",2,0,1996,1083
"Cardiopulmonary",2,0,1997,1012
"Cardiopulmonary",2,0,1998,1086
"Cardiopulmonary",2,0,1999,865
"Cardiopulmonary",2,0,2000,830
"Cardiopulmonary",2,0,2001,858
"Cardiopulmonary",2,0,2002,780
"Cardiopulmonary",2,0,2003,801
"Cardiopulmonary",2,0,2004,816
"Cardiopulmonary",2,0,2005,734
"Cardiopulmonary",2,0,2006,751
"Cardiopulmonary",2,0,2007,779
"Cardiopulmonary",2,0,2008,793
"Cardiopulmonary",2,0,2009,770
"Cardiopulmonary",2,0,2010,667
"Cardiopulmonary",2,0,2011,690
"Cardiopulmonary",2,0,2012,644
"Cardiopulmonary",2,0,2013,640
"Cardiopulmonary",2,0,2014,659
"Cardiopulmonary",2,0,2015,604
"Cardiopulmonary",2,0,2016,628
"Cardiopulmonary",2,5,1980,419
"Cardiopulmonary",2,5,1981,383
"Cardiopulmonary",2,5,1982,417
"Cardiopulmonary",2,5,1983,353
"Cardiopulmonary",2,5,1984,406
"Cardiopulmonary",2,5,1985,397
"Cardiopulmonary",2,5,1986,356
"Cardiopulmonary",2,5,1987,331
"Cardiopulmonary",2,5,1988,324
"Cardiopulmonary",2,5,1989,338
"Cardiopulmonary",2,5,1990,358
"Cardiopulmonary",2,5,1991,333
"Cardiopulmonary",2,5,1992,301
"Cardiopulmonary",2,5,1993,370
"Cardiopulmonary",2,5,1994,326
"Cardiopulmonary",2,5,1995,326
"Cardiopulmonary",2,5,1996,386
"Cardiopulmonary",2,5,1997,359
"Cardiopulmonary",2,5,1998,357
"Cardiopulmonary",2,5,1999,292
"Cardiopulmonary",2,5,2000,304
"Cardiopulmonary",2,5,2001,315
"Cardiopulmonary",2,5,2002,334
"Cardiopulmonary",2,5,2003,298
"Cardiopulmonary",2,5,2004,280
"Cardiopulmonary",2,5,2005,296
"Cardiopulmonary",2,5,2006,265
"Cardiopulmonary",2,5,2007,291
"Cardiopulmonary",2,5,2008,272
"Cardiopulmonary",2,5,2009,342
"Cardiopulmonary",2,5,2010,248
"Cardiopulmonary",2,5,2011,301
"Cardiopulmonary",2,5,2012,262
"Cardiopulmonary",2,5,2013,290
"Cardiopulmonary",2,5,2014,269
"Cardiopulmonary",2,5,2015,298
"Cardiopulmonary",2,5,2016,265
"Cardiopulmonary",2,15,1980,1064
"Cardiopulmonary",2,15,1981,920
"Cardiopulmonary",2,15,1982,992
"Cardiopulmonary",2,15,1983,927
"Cardiopulmonary",2,15,1984,889
"Cardiopulmonary",2,15,1985,889
"Cardiopulmonary",2,15,1986,864
"Cardiopulmonary",2,15,1987,861
"Cardiopulmonary",2,15,1988,832
"Cardiopulmonary",2,15,1989,813
"Cardiopulmonary",2,15,1990,757
"Cardiopulmonary",2,15,1991,788
"Cardiopulmonary",2,15,1992,733
"Cardiopulmonary",2,15,1993,792
"Cardiopulmonary",2,15,1994,755
"Cardiopulmonary",2,15,1995,799
"Cardiopulmonary",2,15,1996,735
"Cardiopulmonary",2,15,1997,799
"Cardiopulmonary",2,15,1998,768
"Cardiopulmonary",2,15,1999,769
"Cardiopulmonary",2,15,2000,777
"Cardiopulmonary",2,15,2001,718
"Cardiopulmonary",2,15,2002,672
"Cardiopulmonary",2,15,2003,840
"Cardiopulmonary",2,15,2004,700
"Cardiopulmonary",2,15,2005,678
"Cardiopulmonary",2,15,2006,715
"Cardiopulmonary",2,15,2007,718
"Cardiopulmonary",2,15,2008,704
"Cardiopulmonary",2,15,2009,829
"Cardiopulmonary",2,15,2010,646
"Cardiopulmonary",2,15,2011,663
"Cardiopulmonary",2,15,2012,596
"Cardiopulmonary",2,15,2013,632
"Cardiopulmonary",2,15,2014,680
"Cardiopulmonary",2,15,2015,659
"Cardiopulmonary",2,15,2016,656
"Cardiopulmonary",2,25,1980,2110
"Cardiopulmonary",2,25,1981,2188
"Cardiopulmonary",2,25,1982,2150
"Cardiopulmonary",2,25,1983,2054
"Cardiopulmonary",2,25,1984,2126
"Cardiopulmonary",2,25,1985,2132
"Cardiopulmonary",2,25,1986,2342
"Cardiopulmonary",2,25,1987,2354
"Cardiopulmonary",2,25,1988,2361
"Cardiopulmonary",2,25,1989,2391
"Cardiopulmonary",2,25,1990,2295
"Cardiopulmonary",2,25,1991,2312
"Cardiopulmonary",2,25,1992,2208
"Cardiopulmonary",2,25,1993,2300
"Cardiopulmonary",2,25,1994,2375
"Cardiopulmonary",2,25,1995,2208
"Cardiopulmonary",2,25,1996,2226
"Cardiopulmonary",2,25,1997,2175
"Cardiopulmonary",2,25,1998,2112
"Cardiopulmonary",2,25,1999,1966
"Cardiopulmonary",2,25,2000,1936
"Cardiopulmonary",2,25,2001,2000
"Cardiopulmonary",2,25,2002,1913
"Cardiopulmonary",2,25,2003,1952
"Cardiopulmonary",2,25,2004,1795
"Cardiopulmonary",2,25,2005,1858
"Cardiopulmonary",2,25,2006,1805
"Cardiopulmonary",2,25,2007,1823
"Cardiopulmonary",2,25,2008,1885
"Cardiopulmonary",2,25,2009,2121
"Cardiopulmonary",2,25,2010,1831
"Cardiopulmonary",2,25,2011,1968
"Cardiopulmonary",2,25,2012,1843
"Cardiopulmonary",2,25,2013,1895
"Cardiopulmonary",2,25,2014,2008
"Cardiopulmonary",2,25,2015,2069
"Cardiopulmonary",2,25,2016,2132
"Cardiopulmonary",2,35,1980,4924
"Cardiopulmonary",2,35,1981,4901
"Cardiopulmonary",2,35,1982,4818
"Cardiopulmonary",2,35,1983,4877
"Cardiopulmonary",2,35,1984,4994
"Cardiopulmonary",2,35,1985,5154
"Cardiopulmonary",2,35,1986,5235
"Cardiopulmonary",2,35,1987,5285
"Cardiopulmonary",2,35,1988,5386
"Cardiopulmonary",2,35,1989,5362
"Cardiopulmonary",2,35,1990,5293
"Cardiopulmonary",2,35,1991,5799
"Cardiopulmonary",2,35,1992,5906
"Cardiopulmonary",2,35,1993,6295
"Cardiopulmonary",2,35,1994,6484
"Cardiopulmonary",2,35,1995,6649
"Cardiopulmonary",2,35,1996,6636
"Cardiopulmonary",2,35,1997,6715
"Cardiopulmonary",2,35,1998,6902
"Cardiopulmonary",2,35,1999,6940
"Cardiopulmonary",2,35,2000,6927
"Cardiopulmonary",2,35,2001,6918
"Cardiopulmonary",2,35,2002,7022
"Cardiopulmonary",2,35,2003,7085
"Cardiopulmonary",2,35,2004,6670
"Cardiopulmonary",2,35,2005,6558
"Cardiopulmonary",2,35,2006,6326
"Cardiopulmonary",2,35,2007,5941
"Cardiopulmonary",2,35,2008,5992
"Cardiopulmonary",2,35,2009,5981
"Cardiopulmonary",2,35,2010,5560
"Cardiopulmonary",2,35,2011,5564
"Cardiopulmonary",2,35,2012,5507
"Cardiopulmonary",2,35,2013,5523
"Cardiopulmonary",2,35,2014,5779
"Cardiopulmonary",2,35,2015,5525
"Cardiopulmonary",2,35,2016,5666
"Cardiopulmonary",2,45,1980,15287
"Cardiopulmonary",2,45,1981,14951
"Cardiopulmonary",2,45,1982,14189
"Cardiopulmonary",2,45,1983,14123
"Cardiopulmonary",2,45,1984,13487
"Cardiopulmonary",2,45,1985,13450
"Cardiopulmonary",2,45,1986,13261
"Cardiopulmonary",2,45,1987,13185
"Cardiopulmonary",2,45,1988,13127
"Cardiopulmonary",2,45,1989,12730
"Cardiopulmonary",2,45,1990,12734
"Cardiopulmonary",2,45,1991,12923
"Cardiopulmonary",2,45,1992,13069
"Cardiopulmonary",2,45,1993,13841
"Cardiopulmonary",2,45,1994,14319
"Cardiopulmonary",2,45,1995,14743
"Cardiopulmonary",2,45,1996,15468
"Cardiopulmonary",2,45,1997,15409
"Cardiopulmonary",2,45,1998,15512
"Cardiopulmonary",2,45,1999,15853
"Cardiopulmonary",2,45,2000,16337
"Cardiopulmonary",2,45,2001,16881
"Cardiopulmonary",2,45,2002,17349
"Cardiopulmonary",2,45,2003,17633
"Cardiopulmonary",2,45,2004,17562
"Cardiopulmonary",2,45,2005,18271
"Cardiopulmonary",2,45,2006,18233
"Cardiopulmonary",2,45,2007,18043
"Cardiopulmonary",2,45,2008,18982
"Cardiopulmonary",2,45,2009,19178
"Cardiopulmonary",2,45,2010,18552
"Cardiopulmonary",2,45,2011,18363
"Cardiopulmonary",2,45,2012,18062
"Cardiopulmonary",2,45,2013,18199
"Cardiopulmonary",2,45,2014,18506
"Cardiopulmonary",2,45,2015,18127
"Cardiopulmonary",2,45,2016,18232
"Cardiopulmonary",2,55,1980,45263
"Cardiopulmonary",2,55,1981,45221
"Cardiopulmonary",2,55,1982,44055
"Cardiopulmonary",2,55,1983,44754
"Cardiopulmonary",2,55,1984,44053
"Cardiopulmonary",2,55,1985,43621
"Cardiopulmonary",2,55,1986,42782
"Cardiopulmonary",2,55,1987,41677
"Cardiopulmonary",2,55,1988,41162
"Cardiopulmonary",2,55,1989,38701
"Cardiopulmonary",2,55,1990,37281
"Cardiopulmonary",2,55,1991,36395
"Cardiopulmonary",2,55,1992,35371
"Cardiopulmonary",2,55,1993,35794
"Cardiopulmonary",2,55,1994,34589
"Cardiopulmonary",2,55,1995,34530
"Cardiopulmonary",2,55,1996,34223
"Cardiopulmonary",2,55,1997,34176
"Cardiopulmonary",2,55,1998,34026
"Cardiopulmonary",2,55,1999,34315
"Cardiopulmonary",2,55,2000,34028
"Cardiopulmonary",2,55,2001,34142
"Cardiopulmonary",2,55,2002,34827
"Cardiopulmonary",2,55,2003,35527
"Cardiopulmonary",2,55,2004,34862
"Cardiopulmonary",2,55,2005,35799
"Cardiopulmonary",2,55,2006,35713
"Cardiopulmonary",2,55,2007,35407
"Cardiopulmonary",2,55,2008,37072
"Cardiopulmonary",2,55,2009,37463
"Cardiopulmonary",2,55,2010,37485
"Cardiopulmonary",2,55,2011,39146
"Cardiopulmonary",2,55,2012,39629
"Cardiopulmonary",2,55,2013,40825
"Cardiopulmonary",2,55,2014,42660
"Cardiopulmonary",2,55,2015,44390
"Cardiopulmonary",2,55,2016,45666
"Cardiopulmonary",2,65,1980,105240
"Cardiopulmonary",2,65,1981,103520
"Cardiopulmonary",2,65,1982,103008
"Cardiopulmonary",2,65,1983,104493
"Cardiopulmonary",2,65,1984,104703
"Cardiopulmonary",2,65,1985,104805
"Cardiopulmonary",2,65,1986,104779
"Cardiopulmonary",2,65,1987,104134
"Cardiopulmonary",2,65,1988,103870
"Cardiopulmonary",2,65,1989,99478
"Cardiopulmonary",2,65,1990,97905
"Cardiopulmonary",2,65,1991,97584
"Cardiopulmonary",2,65,1992,96738
"Cardiopulmonary",2,65,1993,99352
"Cardiopulmonary",2,65,1994,97135
"Cardiopulmonary",2,65,1995,96328
"Cardiopulmonary",2,65,1996,94672
"Cardiopulmonary",2,65,1997,92304
"Cardiopulmonary",2,65,1998,91499
"Cardiopulmonary",2,65,1999,88100
"Cardiopulmonary",2,65,2000,85434
"Cardiopulmonary",2,65,2001,82115
"Cardiopulmonary",2,65,2002,79620
"Cardiopulmonary",2,65,2003,76658
"Cardiopulmonary",2,65,2004,72760
"Cardiopulmonary",2,65,2005,71531
"Cardiopulmonary",2,65,2006,67965
"Cardiopulmonary",2,65,2007,66085
"Cardiopulmonary",2,65,2008,68207
"Cardiopulmonary",2,65,2009,67015
"Cardiopulmonary",2,65,2010,66746
"Cardiopulmonary",2,65,2011,67671
"Cardiopulmonary",2,65,2012,69538
"Cardiopulmonary",2,65,2013,73614
"Cardiopulmonary",2,65,2014,75447
"Cardiopulmonary",2,65,2015,80090
"Cardiopulmonary",2,65,2016,82658
"Cardiopulmonary",2,75,1980,182512
"Cardiopulmonary",2,75,1981,177733
"Cardiopulmonary",2,75,1982,178517
"Cardiopulmonary",2,75,1983,183062
"Cardiopulmonary",2,75,1984,184178
"Cardiopulmonary",2,75,1985,187698
"Cardiopulmonary",2,75,1986,188027
"Cardiopulmonary",2,75,1987,188755
"Cardiopulmonary",2,75,1988,193822
"Cardiopulmonary",2,75,1989,189257
"Cardiopulmonary",2,75,1990,186689
"Cardiopulmonary",2,75,1991,186097
"Cardiopulmonary",2,75,1992,185263
"Cardiopulmonary",2,75,1993,193230
"Cardiopulmonary",2,75,1994,192162
"Cardiopulmonary",2,75,1995,193616
"Cardiopulmonary",2,75,1996,195467
"Cardiopulmonary",2,75,1997,195052
"Cardiopulmonary",2,75,1998,196991
"Cardiopulmonary",2,75,1999,197851
"Cardiopulmonary",2,75,2000,195066
"Cardiopulmonary",2,75,2001,192779
"Cardiopulmonary",2,75,2002,191432
"Cardiopulmonary",2,75,2003,186437
"Cardiopulmonary",2,75,2004,176864
"Cardiopulmonary",2,75,2005,174460
"Cardiopulmonary",2,75,2006,162506
"Cardiopulmonary",2,75,2007,155519
"Cardiopulmonary",2,75,2008,154194
"Cardiopulmonary",2,75,2009,144764
"Cardiopulmonary",2,75,2010,140423
"Cardiopulmonary",2,75,2011,138979
"Cardiopulmonary",2,75,2012,134966
"Cardiopulmonary",2,75,2013,135268
"Cardiopulmonary",2,75,2014,132975
"Cardiopulmonary",2,75,2015,137235
"Cardiopulmonary",2,75,2016,134537
"Cardiopulmonary",2,85,1980,180394
"Cardiopulmonary",2,85,1981,182661
"Cardiopulmonary",2,85,1982,183159
"Cardiopulmonary",2,85,1983,194933
"Cardiopulmonary",2,85,1984,198310
"Cardiopulmonary",2,85,1985,208558
"Cardiopulmonary",2,85,1986,211710
"Cardiopulmonary",2,85,1987,216497
"Cardiopulmonary",2,85,1988,225563
"Cardiopulmonary",2,85,1989,221942
"Cardiopulmonary",2,85,1990,222969
"Cardiopulmonary",2,85,1991,227800
"Cardiopulmonary",2,85,1992,230188
"Cardiopulmonary",2,85,1993,249731
"Cardiopulmonary",2,85,1994,252019
"Cardiopulmonary",2,85,1995,260981
"Cardiopulmonary",2,85,1996,264934
"Cardiopulmonary",2,85,1997,268745
"Cardiopulmonary",2,85,1998,275875
"Cardiopulmonary",2,85,1999,282440
"Cardiopulmonary",2,85,2000,282353
"Cardiopulmonary",2,85,2001,280910
"Cardiopulmonary",2,85,2002,280619
"Cardiopulmonary",2,85,2003,278293
"Cardiopulmonary",2,85,2004,263450
"Cardiopulmonary",2,85,2005,268852
"Cardiopulmonary",2,85,2006,254949
"Cardiopulmonary",2,85,2007,253494
"Cardiopulmonary",2,85,2008,257916
"Cardiopulmonary",2,85,2009,245656
"Cardiopulmonary",2,85,2010,249188
"Cardiopulmonary",2,85,2011,252215
"Cardiopulmonary",2,85,2012,252211
"Cardiopulmonary",2,85,2013,256315
"Cardiopulmonary",2,85,2014,252673
"Cardiopulmonary",2,85,2015,265837
"Cardiopulmonary",2,85,2016,258137
"External",1,0,1980,3032
"External",1,0,1981,2844
"External",1,0,1982,2820
"External",1,0,1983,2727
"External",1,0,1984,2551
"External",1,0,1985,2594
"External",1,0,1986,2668
"External",1,0,1987,2705
"External",1,0,1988,2667
"External",1,0,1989,2648
"External",1,0,1990,2510
"External",1,0,1991,2601
"External",1,0,1992,2431
"External",1,0,1993,2565
"External",1,0,1994,2500
"External",1,0,1995,2246
"External",1,0,1996,2165
"External",1,0,1997,2059
"External",1,0,1998,2049
"External",1,0,1999,2075
"External",1,0,2000,2051
"External",1,0,2001,2086
"External",1,0,2002,2049
"External",1,0,2003,2057
"External",1,0,2004,2013
"External",1,0,2005,2104
"External",1,0,2006,2082
"External",1,0,2007,2194
"External",1,0,2008,2158
"External",1,0,2009,2106
"External",1,0,2010,2021
"External",1,0,2011,1958
"External",1,0,2012,1935
"External",1,0,2013,1935
"External",1,0,2014,1832
"External",1,0,2015,1978
"External",1,0,2016,1889
"External",1,5,1980,3942
"External",1,5,1981,3755
"External",1,5,1982,3430
"External",1,5,1983,3368
"External",1,5,1984,3322
"External",1,5,1985,3371
"External",1,5,1986,3363
"External",1,5,1987,3399
"External",1,5,1988,3296
"External",1,5,1989,3226
"External",1,5,1990,2947
"External",1,5,1991,3065
"External",1,5,1992,2917
"External",1,5,1993,2927
"External",1,5,1994,2943
"External",1,5,1995,2953
"External",1,5,1996,2750
"External",1,5,1997,2672
"External",1,5,1998,2634
"External",1,5,1999,2455
"External",1,5,2000,2383
"External",1,5,2001,2243
"External",1,5,2002,2163
"External",1,5,2003,2107
"External",1,5,2004,2083
"External",1,5,2005,1938
"External",1,5,2006,1817
"External",1,5,2007,1698
"External",1,5,2008,1578
"External",1,5,2009,1454
"External",1,5,2010,1435
"External",1,5,2011,1465
"External",1,5,2012,1419
"External",1,5,2013,1405
"External",1,5,2014,1446
"External",1,5,2015,1415
"External",1,5,2016,1471
"External",1,15,1980,30800
"External",1,15,1981,28018
"External",1,15,1982,25916
"External",1,15,1983,23618
"External",1,15,1984,23463
"External",1,15,1985,23069
"External",1,15,1986,24402
"External",1,15,1987,22907
"External",1,15,1988,23309
"External",1,15,1989,22125
"External",1,15,1990,23067
"External",1,15,1991,22760
"External",1,15,1992,21443
"External",1,15,1993,22237
"External",1,15,1994,22073
"External",1,15,1995,20948
"External",1,15,1996,19932
"External",1,15,1997,18918
"External",1,15,1998,18387
"External",1,15,1999,17523
"External",1,15,2000,17896
"External",1,15,2001,18500
"External",1,15,2002,19042
"External",1,15,2003,18883
"External",1,15,2004,18798
"External",1,15,2005,19419
"External",1,15,2006,20007
"External",1,15,2007,19351
"External",1,15,2008,17801
"External",1,15,2009,16144
"External",1,15,2010,16032
"External",1,15,2011,16114
"External",1,15,2012,15825
"External",1,15,2013,15132
"External",1,15,2014,15364
"External",1,15,2015,16354
"External",1,15,2016,17577
"External",1,25,1980,25039
"External",1,25,1981,25468
"External",1,25,1982,24050
"External",1,25,1983,23053
"External",1,25,1984,23242
"External",1,25,1985,23299
"External",1,25,1986,25027
"External",1,25,1987,24113
"External",1,25,1988,24584
"External",1,25,1989,24342
"External",1,25,1990,24362
"External",1,25,1991,23550
"External",1,25,1992,22210
"External",1,25,1993,22391
"External",1,25,1994,21730
"External",1,25,1995,20917
"External",1,25,1996,19352
"External",1,25,1997,18845
"External",1,25,1998,17635
"External",1,25,1999,16129
"External",1,25,2000,15853
"External",1,25,2001,16345
"External",1,25,2002,16743
"External",1,25,2003,16595
"External",1,25,2004,16850
"External",1,25,2005,17417
"External",1,25,2006,17910
"External",1,25,2007,18070
"External",1,25,2008,17535
"External",1,25,2009,16502
"External",1,25,2010,17145
"External",1,25,2011,17596
"External",1,25,2012,17963
"External",1,25,2013,17914
"External",1,25,2014,18354
"External",1,25,2015,20188
"External",1,25,2016,22723
"External",1,35,1980,13594
"External",1,35,1981,13695
"External",1,35,1982,13421
"External",1,35,1983,13396
"External",1,35,1984,13729
"External",1,35,1985,14271
"External",1,35,1986,15031
"External",1,35,1987,15517
"External",1,35,1988,16242
"External",1,35,1989,16664
"External",1,35,1990,17308
"External",1,35,1991,17446
"External",1,35,1992,18003
"External",1,35,1993,19194
"External",1,35,1994,19539
"External",1,35,1995,19685
"External",1,35,1996,19620
"External",1,35,1997,19682
"External",1,35,1998,19814
"External",1,35,1999,17418
"External",1,35,2000,17694
"External",1,35,2001,18018
"External",1,35,2002,18232
"External",1,35,2003,17976
"External",1,35,2004,17365
"External",1,35,2005,17496
"External",1,35,2006,17524
"External",1,35,2007,17378
"External",1,35,2008,16563
"External",1,35,2009,15843
"External",1,35,2010,15103
"External",1,35,2011,15368
"External",1,35,2012,15609
"External",1,35,2013,15120
"External",1,35,2014,15353
"External",1,35,2015,16613
"External",1,35,2016,18292
"External",1,45,1980,11258
"External",1,45,1981,11059
"External",1,45,1982,10250
"External",1,45,1983,9610
"External",1,45,1984,9578
"External",1,45,1985,9261
"External",1,45,1986,9578
"External",1,45,1987,9262
"External",1,45,1988,9509
"External",1,45,1989,9758
"External",1,45,1990,9743
"External",1,45,1991,9918
"External",1,45,1992,10217
"External",1,45,1993,10852
"External",1,45,1994,11352
"External",1,45,1995,11968
"External",1,45,1996,12505
"External",1,45,1997,13075
"External",1,45,1998,13591
"External",1,45,1999,12852
"External",1,45,2000,13670
"External",1,45,2001,14805
"External",1,45,2002,15441
"External",1,45,2003,16227
"External",1,45,2004,17073
"External",1,45,2005,17809
"External",1,45,2006,18622
"External",1,45,2007,18917
"External",1,45,2008,19090
"External",1,45,2009,19001
"External",1,45,2010,18869
"External",1,45,2011,19445
"External",1,45,2012,18916
"External",1,45,2013,18342
"External",1,45,2014,18481
"External",1,45,2015,18821
"External",1,45,2016,19151
"External",1,55,1980,10183
"External",1,55,1981,10190
"External",1,55,1982,9726
"External",1,55,1983,9435
"External",1,55,1984,9481
"External",1,55,1985,9498
"External",1,55,1986,9143
"External",1,55,1987,9125
"External",1,55,1988,8645
"External",1,55,1989,8591
"External",1,55,1990,8344
"External",1,55,1991,7949
"External",1,55,1992,7621
"External",1,55,1993,7516
"External",1,55,1994,7335
"External",1,55,1995,7505
"External",1,55,1996,7669
"External",1,55,1997,7849
"External",1,55,1998,7917
"External",1,55,1999,7773
"External",1,55,2000,7971
"External",1,55,2001,8330
"External",1,55,2002,9107
"External",1,55,2003,9714
"External",1,55,2004,10115
"External",1,55,2005,10981
"External",1,55,2006,11439
"External",1,55,2007,12191
"External",1,55,2008,13049
"External",1,55,2009,13223
"External",1,55,2010,14159
"External",1,55,2011,14987
"External",1,55,2012,15584
"External",1,55,2013,16032
"External",1,55,2014,16646
"External",1,55,2015,17663
"External",1,55,2016,18864
"External",1,65,1980,8131
"External",1,65,1981,7986
"External",1,65,1982,7752
"External",1,65,1983,7728
"External",1,65,1984,8211
"External",1,65,1985,7993
"External",1,65,1986,8301
"External",1,65,1987,8495
"External",1,65,1988,8496
"External",1,65,1989,8423
"External",1,65,1990,8089
"External",1,65,1991,7877
"External",1,65,1992,7857
"External",1,65,1993,7720
"External",1,65,1994,7668
"External",1,65,1995,7711
"External",1,65,1996,7961
"External",1,65,1997,7765
"External",1,65,1998,7730
"External",1,65,1999,7543
"External",1,65,2000,7060
"External",1,65,2001,7292
"External",1,65,2002,7559
"External",1,65,2003,7324
"External",1,65,2004,7413
"External",1,65,2005,7727
"External",1,65,2006,7529
"External",1,65,2007,7984
"External",1,65,2008,8338
"External",1,65,2009,8397
"External",1,65,2010,8687
"External",1,65,2011,9162
"External",1,65,2012,9771
"External",1,65,2013,10384
"External",1,65,2014,11055
"External",1,65,2015,11893
"External",1,65,2016,12732
"External",1,75,1980,5956
"External",1,75,1981,6001
"External",1,75,1982,5897
"External",1,75,1983,6213
"External",1,75,1984,6434
"External",1,75,1985,6788
"External",1,75,1986,6963
"External",1,75,1987,7297
"External",1,75,1988,7368
"External",1,75,1989,7241
"External",1,75,1990,7289
"External",1,75,1991,7399
"External",1,75,1992,7435
"External",1,75,1993,7609
"External",1,75,1994,7817
"External",1,75,1995,7673
"External",1,75,1996,8059
"External",1,75,1997,8326
"External",1,75,1998,8712
"External",1,75,1999,8689
"External",1,75,2000,8444
"External",1,75,2001,9026
"External",1,75,2002,9040
"External",1,75,2003,9127
"External",1,75,2004,9338
"External",1,75,2005,9642
"External",1,75,2006,9379
"External",1,75,2007,9560
"External",1,75,2008,9522
"External",1,75,2009,9440
"External",1,75,2010,9468
"External",1,75,2011,9850
"External",1,75,2012,9865
"External",1,75,2013,10160
"External",1,75,2014,10491
"External",1,75,2015,10980
"External",1,75,2016,11337
"External",1,85,1980,2916
"External",1,85,1981,3029
"External",1,85,1982,2990
"External",1,85,1983,3033
"External",1,85,1984,3115
"External",1,85,1985,3215
"External",1,85,1986,3301
"External",1,85,1987,3446
"External",1,85,1988,3607
"External",1,85,1989,3585
"External",1,85,1990,3516
"External",1,85,1991,3729
"External",1,85,1992,3745
"External",1,85,1993,4148
"External",1,85,1994,4201
"External",1,85,1995,4382
"External",1,85,1996,4565
"External",1,85,1997,4769
"External",1,85,1998,5022
"External",1,85,1999,5344
"External",1,85,2000,5295
"External",1,85,2001,5511
"External",1,85,2002,5698
"External",1,85,2003,5971
"External",1,85,2004,6070
"External",1,85,2005,6403
"External",1,85,2006,6592
"External",1,85,2007,7103
"External",1,85,2008,7476
"External",1,85,2009,7574
"External",1,85,2010,8182
"External",1,85,2011,8460
"External",1,85,2012,8977
"External",1,85,2013,9427
"External",1,85,2014,9911
"External",1,85,2015,10600
"External",1,85,2016,10792
"External",2,0,1980,2109
"External",2,0,1981,1967
"External",2,0,1982,1934
"External",2,0,1983,1885
"External",2,0,1984,1789
"External",2,0,1985,1813
"External",2,0,1986,1927
"External",2,0,1987,1890
"External",2,0,1988,1898
"External",2,0,1989,1936
"External",2,0,1990,1761
"External",2,0,1991,1911
"External",2,0,1992,1673
"External",2,0,1993,1808
"External",2,0,1994,1769
"External",2,0,1995,1653
"External",2,0,1996,1633
"External",2,0,1997,1484
"External",2,0,1998,1453
"External",2,0,1999,1522
"External",2,0,2000,1465
"External",2,0,2001,1480
"External",2,0,2002,1412
"External",2,0,2003,1418
"External",2,0,2004,1523
"External",2,0,2005,1489
"External",2,0,2006,1518
"External",2,0,2007,1557
"External",2,0,2008,1544
"External",2,0,2009,1399
"External",2,0,2010,1345
"External",2,0,2011,1402
"External",2,0,2012,1354
"External",2,0,2013,1297
"External",2,0,2014,1282
"External",2,0,2015,1317
"External",2,0,2016,1352
"External",2,5,1980,1912
"External",2,5,1981,1673
"External",2,5,1982,1700
"External",2,5,1983,1581
"External",2,5,1984,1603
"External",2,5,1985,1627
"External",2,5,1986,1543
"External",2,5,1987,1514
"External",2,5,1988,1688
"External",2,5,1989,1652
"External",2,5,1990,1525
"External",2,5,1991,1425
"External",2,5,1992,1410
"External",2,5,1993,1567
"External",2,5,1994,1525
"External",2,5,1995,1527
"External",2,5,1996,1541
"External",2,5,1997,1508
"External",2,5,1998,1464
"External",2,5,1999,1356
"External",2,5,2000,1344
"External",2,5,2001,1240
"External",2,5,2002,1264
"External",2,5,2003,1136
"External",2,5,2004,1254
"External",2,5,2005,1146
"External",2,5,2006,1095
"External",2,5,2007,1050
"External",2,5,2008,883
"External",2,5,2009,849
"External",2,5,2010,807
"External",2,5,2011,804
"External",2,5,2012,804
"External",2,5,2013,846
"External",2,5,2014,789
"External",2,5,2015,865
"External",2,5,2016,961
"External",2,15,1980,7929
"External",2,15,1981,7353
"External",2,15,1982,6700
"External",2,15,1983,6477
"External",2,15,1984,6612
"External",2,15,1985,6326
"External",2,15,1986,6631
"External",2,15,1987,6441
"External",2,15,1988,6305
"External",2,15,1989,5986
"External",2,15,1990,5666
"External",2,15,1991,5729
"External",2,15,1992,5237
"External",2,15,1993,5394
"External",2,15,1994,5288
"External",2,15,1995,5289
"External",2,15,1996,5116
"External",2,15,1997,5115
"External",2,15,1998,4919
"External",2,15,1999,4979
"External",2,15,2000,4932
"External",2,15,2001,4835
"External",2,15,2002,5240
"External",2,15,2003,5254
"External",2,15,2004,5340
"External",2,15,2005,5206
"External",2,15,2006,5220
"External",2,15,2007,5143
"External",2,15,2008,4681
"External",2,15,2009,4431
"External",2,15,2010,4431
"External",2,15,2011,4328
"External",2,15,2012,4380
"External",2,15,2013,4259
"External",2,15,2014,4191
"External",2,15,2015,4611
"External",2,15,2016,4941
"External",2,25,1980,6104
"External",2,25,1981,6248
"External",2,25,1982,5936
"External",2,25,1983,5887
"External",2,25,1984,5874
"External",2,25,1985,5878
"External",2,25,1986,6298
"External",2,25,1987,6504
"External",2,25,1988,6659
"External",2,25,1989,6602
"External",2,25,1990,6369
"External",2,25,1991,6110
"External",2,25,1992,5809
"External",2,25,1993,6029
"External",2,25,1994,5726
"External",2,25,1995,5689
"External",2,25,1996,5456
"External",2,25,1997,5175
"External",2,25,1998,5027
"External",2,25,1999,4541
"External",2,25,2000,4300
"External",2,25,2001,4395
"External",2,25,2002,4551
"External",2,25,2003,4481
"External",2,25,2004,4619
"External",2,25,2005,4707
"External",2,25,2006,4771
"External",2,25,2007,4951
"External",2,25,2008,4751
"External",2,25,2009,4852
"External",2,25,2010,5059
"External",2,25,2011,5406
"External",2,25,2012,5352
"External",2,25,2013,5428
"External",2,25,2014,5573
"External",2,25,2015,6152
"External",2,25,2016,6863
"External",2,35,1980,4172
"External",2,35,1981,4152
"External",2,35,1982,4147
"External",2,35,1983,4102
"External",2,35,1984,4293
"External",2,35,1985,4413
"External",2,35,1986,4582
"External",2,35,1987,4750
"External",2,35,1988,4864
"External",2,35,1989,5084
"External",2,35,1990,5015
"External",2,35,1991,5216
"External",2,35,1992,5299
"External",2,35,1993,5682
"External",2,35,1994,5888
"External",2,35,1995,6093
"External",2,35,1996,6349
"External",2,35,1997,6467
"External",2,35,1998,6910
"External",2,35,1999,6172
"External",2,35,2000,6133
"External",2,35,2001,6515
"External",2,35,2002,6742
"External",2,35,2003,6633
"External",2,35,2004,6577
"External",2,35,2005,6579
"External",2,35,2006,6715
"External",2,35,2007,6566
"External",2,35,2008,6276
"External",2,35,2009,5955
"External",2,35,2010,6059
"External",2,35,2011,6186
"External",2,35,2012,5960
"External",2,35,2013,6019
"External",2,35,2014,6200
"External",2,35,2015,6373
"External",2,35,2016,6831
"External",2,45,1980,3938
"External",2,45,1981,3879
"External",2,45,1982,3601
"External",2,45,1983,3432
"External",2,45,1984,3470
"External",2,45,1985,3352
"External",2,45,1986,3295
"External",2,45,1987,3370
"External",2,45,1988,3402
"External",2,45,1989,3393
"External",2,45,1990,3391
"External",2,45,1991,3509
"External",2,45,1992,3576
"External",2,45,1993,3714
"External",2,45,1994,3984
"External",2,45,1995,4058
"External",2,45,1996,4457
"External",2,45,1997,4697
"External",2,45,1998,4844
"External",2,45,1999,4677
"External",2,45,2000,4953
"External",2,45,2001,5454
"External",2,45,2002,6032
"External",2,45,2003,6443
"External",2,45,2004,6897
"External",2,45,2005,7026
"External",2,45,2006,7444
"External",2,45,2007,7927
"External",2,45,2008,8078
"External",2,45,2009,8156
"External",2,45,2010,8082
"External",2,45,2011,8530
"External",2,45,2012,8455
"External",2,45,2013,8198
"External",2,45,2014,8303
"External",2,45,2015,8415
"External",2,45,2016,8521
"External",2,55,1980,4035
"External",2,55,1981,4119
"External",2,55,1982,3870
"External",2,55,1983,3744
"External",2,55,1984,3823
"External",2,55,1985,3718
"External",2,55,1986,3715
"External",2,55,1987,3659
"External",2,55,1988,3545
"External",2,55,1989,3380
"External",2,55,1990,3390
"External",2,55,1991,3071
"External",2,55,1992,2943
"External",2,55,1993,3010
"External",2,55,1994,2904
"External",2,55,1995,2978
"External",2,55,1996,3071
"External",2,55,1997,3192
"External",2,55,1998,3261
"External",2,55,1999,3197
"External",2,55,2000,3379
"External",2,55,2001,3523
"External",2,55,2002,3690
"External",2,55,2003,4009
"External",2,55,2004,4281
"External",2,55,2005,4518
"External",2,55,2006,4938
"External",2,55,2007,5199
"External",2,55,2008,5262
"External",2,55,2009,5419
"External",2,55,2010,5949
"External",2,55,2011,6147
"External",2,55,2012,6544
"External",2,55,2013,7017
"External",2,55,2014,7344
"External",2,55,2015,7606
"External",2,55,2016,8135
"External",2,65,1980,4110
"External",2,65,1981,4081
"External",2,65,1982,4022
"External",2,65,1983,4120
"External",2,65,1984,4121
"External",2,65,1985,4409
"External",2,65,1986,4372
"External",2,65,1987,4394
"External",2,65,1988,4486
"External",2,65,1989,4353
"External",2,65,1990,4197
"External",2,65,1991,4080
"External",2,65,1992,4064
"External",2,65,1993,4134
"External",2,65,1994,4118
"External",2,65,1995,4174
"External",2,65,1996,4147
"External",2,65,1997,4041
"External",2,65,1998,4224
"External",2,65,1999,4053
"External",2,65,2000,3884
"External",2,65,2001,3925
"External",2,65,2002,3876
"External",2,65,2003,3951
"External",2,65,2004,3895
"External",2,65,2005,4035
"External",2,65,2006,3978
"External",2,65,2007,3908
"External",2,65,2008,4137
"External",2,65,2009,4244
"External",2,65,2010,4327
"External",2,65,2011,4620
"External",2,65,2012,4885
"External",2,65,2013,5000
"External",2,65,2014,5494
"External",2,65,2015,5684
"External",2,65,2016,6196
"External",2,75,1980,4785
"External",2,75,1981,4646
"External",2,75,1982,4602
"External",2,75,1983,4797
"External",2,75,1984,4995
"External",2,75,1985,5101
"External",2,75,1986,5279
"External",2,75,1987,5401
"External",2,75,1988,5525
"External",2,75,1989,5540
"External",2,75,1990,5594
"External",2,75,1991,5545
"External",2,75,1992,5502
"External",2,75,1993,5725
"External",2,75,1994,5783
"External",2,75,1995,5785
"External",2,75,1996,6158
"External",2,75,1997,6331
"External",2,75,1998,6615
"External",2,75,1999,6691
"External",2,75,2000,6469
"External",2,75,2001,6934
"External",2,75,2002,7070
"External",2,75,2003,7116
"External",2,75,2004,7241
"External",2,75,2005,7355
"External",2,75,2006,7272
"External",2,75,2007,7205
"External",2,75,2008,7191
"External",2,75,2009,6900
"External",2,75,2010,7206
"External",2,75,2011,7183
"External",2,75,2012,7435
"External",2,75,2013,7362
"External",2,75,2014,7409
"External",2,75,2015,7756
"External",2,75,2016,7873
"External",2,85,1980,3989
"External",2,85,1981,3956
"External",2,85,1982,3954
"External",2,85,1983,4097
"External",2,85,1984,4171
"External",2,85,1985,4203
"External",2,85,1986,4348
"External",2,85,1987,4516
"External",2,85,1988,4918
"External",2,85,1989,4890
"External",2,85,1990,4997
"External",2,85,1991,5264
"External",2,85,1992,5344
"External",2,85,1993,5685
"External",2,85,1994,5757
"External",2,85,1995,6121
"External",2,85,1996,6641
"External",2,85,1997,6861
"External",2,85,1998,7245
"External",2,85,1999,7651
"External",2,85,2000,7681
"External",2,85,2001,7995
"External",2,85,2002,8283
"External",2,85,2003,8503
"External",2,85,2004,8722
"External",2,85,2005,9152
"External",2,85,2006,9255
"External",2,85,2007,9957
"External",2,85,2008,10432
"External",2,85,2009,10499
"External",2,85,2010,11243
"External",2,85,2011,12112
"External",2,85,2012,12382
"External",2,85,2013,12722
"External",2,85,2014,13225
"External",2,85,2015,14012
"External",2,85,2016,14270
"Other",1,0,1980,24929
"Other",1,0,1981,23846
"Other",1,0,1982,23304
"Other",1,0,1983,22236
"Other",1,0,1984,21674
"Other",1,0,1985,22272
"Other",1,0,1986,21460
"Other",1,0,1987,21139
"Other",1,0,1988,21430
"Other",1,0,1989,21752
"Other",1,0,1990,21276
"Other",1,0,1991,20421
"Other",1,0,1992,18944
"Other",1,0,1993,18388
"Other",1,0,1994,17216
"Other",1,0,1995,16207
"Other",1,0,1996,15415
"Other",1,0,1997,15106
"Other",1,0,1998,15039
"Other",1,0,1999,15176
"Other",1,0,2000,15147
"Other",1,0,2001,14936
"Other",1,0,2002,15107
"Other",1,0,2003,15271
"Other",1,0,2004,15077
"Other",1,0,2005,15382
"Other",1,0,2006,15137
"Other",1,0,2007,15438
"Other",1,0,2008,14917
"Other",1,0,2009,13972
"Other",1,0,2010,12941
"Other",1,0,2011,12588
"Other",1,0,2012,12466
"Other",1,0,2013,12393
"Other",1,0,2014,12190
"Other",1,0,2015,12241
"Other",1,0,2016,12109
"Other",1,5,1980,1242
"Other",1,5,1981,1198
"Other",1,5,1982,1121
"Other",1,5,1983,1084
"Other",1,5,1984,1076
"Other",1,5,1985,1013
"Other",1,5,1986,1034
"Other",1,5,1987,1039
"Other",1,5,1988,1059
"Other",1,5,1989,1095
"Other",1,5,1990,1092
"Other",1,5,1991,1095
"Other",1,5,1992,1083
"Other",1,5,1993,1190
"Other",1,5,1994,1150
"Other",1,5,1995,1207
"Other",1,5,1996,1177
"Other",1,5,1997,1076
"Other",1,5,1998,973
"Other",1,5,1999,1040
"Other",1,5,2000,1010
"Other",1,5,2001,996
"Other",1,5,2002,1023
"Other",1,5,2003,1008
"Other",1,5,2004,961
"Other",1,5,2005,957
"Other",1,5,2006,888
"Other",1,5,2007,981
"Other",1,5,2008,858
"Other",1,5,2009,846
"Other",1,5,2010,779
"Other",1,5,2011,848
"Other",1,5,2012,764
"Other",1,5,2013,811
"Other",1,5,2014,817
"Other",1,5,2015,892
"Other",1,5,2016,805
"Other",1,15,1980,2848
"Other",1,15,1981,2761
"Other",1,15,1982,2624
"Other",1,15,1983,2515
"Other",1,15,1984,2508
"Other",1,15,1985,2440
"Other",1,15,1986,2758
"Other",1,15,1987,2885
"Other",1,15,1988,2771
"Other",1,15,1989,2802
"Other",1,15,1990,2612
"Other",1,15,1991,2509
"Other",1,15,1992,2494
"Other",1,15,1993,2468
"Other",1,15,1994,2447
"Other",1,15,1995,2618
"Other",1,15,1996,2283
"Other",1,15,1997,2170
"Other",1,15,1998,2077
"Other",1,15,1999,2694
"Other",1,15,2000,2969
"Other",1,15,2001,3258
"Other",1,15,2002,3130
"Other",1,15,2003,3492
"Other",1,15,2004,3500
"Other",1,15,2005,3774
"Other",1,15,2006,3824
"Other",1,15,2007,3729
"Other",1,15,2008,3914
"Other",1,15,2009,3793
"Other",1,15,2010,3506
"Other",1,15,2011,3584
"Other",1,15,2012,3558
"Other",1,15,2013,3729
"Other",1,15,2014,3651
"Other",1,15,2015,3893
"Other",1,15,2016,4372
"Other",1,25,1980,4992
"Other",1,25,1981,5261
"Other",1,25,1982,5287
"Other",1,25,1983,5439
"Other",1,25,1984,6048
"Other",1,25,1985,7412
"Other",1,25,1986,9162
"Other",1,25,1987,10847
"Other",1,25,1988,11616
"Other",1,25,1989,13168
"Other",1,25,1990,13140
"Other",1,25,1991,13679
"Other",1,25,1992,14334
"Other",1,25,1993,14928
"Other",1,25,1994,15176
"Other",1,25,1995,14733
"Other",1,25,1996,10921
"Other",1,25,1997,7133
"Other",1,25,1998,6132
"Other",1,25,1999,7077
"Other",1,25,2000,7124
"Other",1,25,2001,7385
"Other",1,25,2002,6917
"Other",1,25,2003,6890
"Other",1,25,2004,6514
"Other",1,25,2005,6792
"Other",1,25,2006,7159
"Other",1,25,2007,6804
"Other",1,25,2008,7021
"Other",1,25,2009,7375
"Other",1,25,2010,6866
"Other",1,25,2011,7340
"Other",1,25,2012,7643
"Other",1,25,2013,8253
"Other",1,25,2014,8893
"Other",1,25,2015,10184
"Other",1,25,2016,12056
"Other",1,35,1980,7188
"Other",1,35,1981,7190
"Other",1,35,1982,7101
"Other",1,35,1983,7622
"Other",1,35,1984,8732
"Other",1,35,1985,10466
"Other",1,35,1986,12516
"Other",1,35,1987,14548
"Other",1,35,1988,16652
"Other",1,35,1989,19254
"Other",1,35,1990,20527
"Other",1,35,1991,22587
"Other",1,35,1992,24261
"Other",1,35,1993,25999
"Other",1,35,1994,28063
"Other",1,35,1995,28822
"Other",1,35,1996,23522
"Other",1,35,1997,17470
"Other",1,35,1998,16194
"Other",1,35,1999,18972
"Other",1,35,2000,19237
"Other",1,35,2001,19875
"Other",1,35,2002,19148
"Other",1,35,2003,18627
"Other",1,35,2004,17461
"Other",1,35,2005,17169
"Other",1,35,2006,16723
"Other",1,35,2007,15359
"Other",1,35,2008,14575
"Other",1,35,2009,14159
"Other",1,35,2010,12855
"Other",1,35,2011,12496
"Other",1,35,2012,12436
"Other",1,35,2013,12998
"Other",1,35,2014,13255
"Other",1,35,2015,14303
"Other",1,35,2016,15913
"Other",1,45,1980,13703
"Other",1,45,1981,13015
"Other",1,45,1982,12231
"Other",1,45,1983,11876
"Other",1,45,1984,11819
"Other",1,45,1985,12332
"Other",1,45,1986,12840
"Other",1,45,1987,13831
"Other",1,45,1988,14739
"Other",1,45,1989,15798
"Other",1,45,1990,16101
"Other",1,45,1991,16960
"Other",1,45,1992,18501
"Other",1,45,1993,20166
"Other",1,45,1994,21911
"Other",1,45,1995,23687
"Other",1,45,1996,22352
"Other",1,45,1997,20559
"Other",1,45,1998,21157
"Other",1,45,1999,25431
"Other",1,45,2000,27613
"Other",1,45,2001,29672
"Other",1,45,2002,30669
"Other",1,45,2003,31904
"Other",1,45,2004,31947
"Other",1,45,2005,33541
"Other",1,45,2006,33679
"Other",1,45,2007,33069
"Other",1,45,2008,33223
"Other",1,45,2009,33155
"Other",1,45,2010,31966
"Other",1,45,2011,32030
"Other",1,45,2012,31712
"Other",1,45,2013,31733
"Other",1,45,2014,31483
"Other",1,45,2015,32114
"Other",1,45,2016,32548
"Other",1,55,1980,23021
"Other",1,55,1981,22414
"Other",1,55,1982,21866
"Other",1,55,1983,22420
"Other",1,55,1984,22097
"Other",1,55,1985,22614
"Other",1,55,1986,22093
"Other",1,55,1987,22230
"Other",1,55,1988,22212
"Other",1,55,1989,21903
"Other",1,55,1990,21112
"Other",1,55,1991,21356
"Other",1,55,1992,20909
"Other",1,55,1993,21520
"Other",1,55,1994,22210
"Other",1,55,1995,22415
"Other",1,55,1996,22210
"Other",1,55,1997,21421
"Other",1,55,1998,22435
"Other",1,55,1999,24647
"Other",1,55,2000,25597
"Other",1,55,2001,27020
"Other",1,55,2002,28785
"Other",1,55,2003,31078
"Other",1,55,2004,32176
"Other",1,55,2005,35150
"Other",1,55,2006,36671
"Other",1,55,2007,38122
"Other",1,55,2008,40646
"Other",1,55,2009,42529
"Other",1,55,2010,44300
"Other",1,55,2011,46612
"Other",1,55,2012,48908
"Other",1,55,2013,50990
"Other",1,55,2014,53007
"Other",1,55,2015,55326
"Other",1,55,2016,57316
"Other",1,65,1980,29697
"Other",1,65,1981,29292
"Other",1,65,1982,29334
"Other",1,65,1983,30395
"Other",1,65,1984,31043
"Other",1,65,1985,32010
"Other",1,65,1986,32416
"Other",1,65,1987,33052
"Other",1,65,1988,33256
"Other",1,65,1989,33630
"Other",1,65,1990,32877
"Other",1,65,1991,33131
"Other",1,65,1992,33615
"Other",1,65,1993,35112
"Other",1,65,1994,35692
"Other",1,65,1995,35968
"Other",1,65,1996,36140
"Other",1,65,1997,36392
"Other",1,65,1998,36794
"Other",1,65,1999,38310
"Other",1,65,2000,38175
"Other",1,65,2001,38977
"Other",1,65,2002,38990
"Other",1,65,2003,39738
"Other",1,65,2004,38646
"Other",1,65,2005,39655
"Other",1,65,2006,40516
"Other",1,65,2007,41295
"Other",1,65,2008,43423
"Other",1,65,2009,44121
"Other",1,65,2010,45378
"Other",1,65,2011,47666
"Other",1,65,2012,50643
"Other",1,65,2013,54303
"Other",1,65,2014,58207
"Other",1,65,2015,62608
"Other",1,65,2016,65790
"Other",1,75,1980,26145
"Other",1,75,1981,26933
"Other",1,75,1982,27514
"Other",1,75,1983,30248
"Other",1,75,1984,31729
"Other",1,75,1985,34079
"Other",1,75,1986,35072
"Other",1,75,1987,36562
"Other",1,75,1988,37576
"Other",1,75,1989,38486
"Other",1,75,1990,38598
"Other",1,75,1991,39682
"Other",1,75,1992,39950
"Other",1,75,1993,43382
"Other",1,75,1994,44126
"Other",1,75,1995,46604
"Other",1,75,1996,48930
"Other",1,75,1997,50821
"Other",1,75,1998,52598
"Other",1,75,1999,57068
"Other",1,75,2000,58735
"Other",1,75,2001,60812
"Other",1,75,2002,63610
"Other",1,75,2003,65464
"Other",1,75,2004,65554
"Other",1,75,2005,68598
"Other",1,75,2006,70329
"Other",1,75,2007,70277
"Other",1,75,2008,73199
"Other",1,75,2009,71075
"Other",1,75,2010,74179
"Other",1,75,2011,76052
"Other",1,75,2012,77104
"Other",1,75,2013,78855
"Other",1,75,2014,79770
"Other",1,75,2015,82592
"Other",1,75,2016,84205
"Other",1,85,1980,13992
"Other",1,85,1981,14389
"Other",1,85,1982,15070
"Other",1,85,1983,16425
"Other",1,85,1984,17521
"Other",1,85,1985,18977
"Other",1,85,1986,20007
"Other",1,85,1987,20754
"Other",1,85,1988,21955
"Other",1,85,1989,22119
"Other",1,85,1990,22442
"Other",1,85,1991,23463
"Other",1,85,1992,24775
"Other",1,85,1993,27078
"Other",1,85,1994,28471
"Other",1,85,1995,30030
"Other",1,85,1996,31512
"Other",1,85,1997,33585
"Other",1,85,1998,35681
"Other",1,85,1999,39826
"Other",1,85,2000,42153
"Other",1,85,2001,44872
"Other",1,85,2002,47851
"Other",1,85,2003,49989
"Other",1,85,2004,51676
"Other",1,85,2005,56810
"Other",1,85,2006,61737
"Other",1,85,2007,64732
"Other",1,85,2008,70884
"Other",1,85,2009,72935
"Other",1,85,2010,79186
"Other",1,85,2011,84610
"Other",1,85,2012,88533
"Other",1,85,2013,91585
"Other",1,85,2014,93707
"Other",1,85,2015,97274
"Other",1,85,2016,99119
"Other",2,0,1980,19135
"Other",2,0,1981,18598
"Other",2,0,1982,17887
"Other",2,0,1983,17145
"Other",2,0,1984,16794
"Other",2,0,1985,16559
"Other",2,0,1986,16224
"Other",2,0,1987,16176
"Other",2,0,1988,16463
"Other",2,0,1989,16962
"Other",2,0,1990,16045
"Other",2,0,1991,15408
"Other",2,0,1992,14830
"Other",2,0,1993,14272
"Other",2,0,1994,13639
"Other",2,0,1995,12678
"Other",2,0,1996,12118
"Other",2,0,1997,11832
"Other",2,0,1998,12110
"Other",2,0,1999,11897
"Other",2,0,2000,11900
"Other",2,0,2001,11682
"Other",2,0,2002,11890
"Other",2,0,2003,11787
"Other",2,0,2004,11730
"Other",2,0,2005,11942
"Other",2,0,2006,12093
"Other",2,0,2007,12306
"Other",2,0,2008,11832
"Other",2,0,2009,11120
"Other",2,0,2010,10498
"Other",2,0,2011,10168
"Other",2,0,2012,10054
"Other",2,0,2013,9899
"Other",2,0,2014,9826
"Other",2,0,2015,9987
"Other",2,0,2016,9848
"Other",2,5,1980,1133
"Other",2,5,1981,1040
"Other",2,5,1982,948
"Other",2,5,1983,940
"Other",2,5,1984,931
"Other",2,5,1985,872
"Other",2,5,1986,834
"Other",2,5,1987,819
"Other",2,5,1988,926
"Other",2,5,1989,953
"Other",2,5,1990,898
"Other",2,5,1991,964
"Other",2,5,1992,888
"Other",2,5,1993,1009
"Other",2,5,1994,933
"Other",2,5,1995,1032
"Other",2,5,1996,908
"Other",2,5,1997,915
"Other",2,5,1998,815
"Other",2,5,1999,946
"Other",2,5,2000,869
"Other",2,5,2001,844
"Other",2,5,2002,842
"Other",2,5,2003,849
"Other",2,5,2004,816
"Other",2,5,2005,824
"Other",2,5,2006,729
"Other",2,5,2007,724
"Other",2,5,2008,737
"Other",2,5,2009,770
"Other",2,5,2010,689
"Other",2,5,2011,707
"Other",2,5,2012,660
"Other",2,5,2013,678
"Other",2,5,2014,659
"Other",2,5,2015,660
"Other",2,5,2016,724
"Other",2,15,1980,2055
"Other",2,15,1981,2065
"Other",2,15,1982,1905
"Other",2,15,1983,1834
"Other",2,15,1984,1765
"Other",2,15,1985,1659
"Other",2,15,1986,1735
"Other",2,15,1987,1662
"Other",2,15,1988,1676
"Other",2,15,1989,1708
"Other",2,15,1990,1650
"Other",2,15,1991,1601
"Other",2,15,1992,1597
"Other",2,15,1993,1624
"Other",2,15,1994,1709
"Other",2,15,1995,1701
"Other",2,15,1996,1564
"Other",2,15,1997,1603
"Other",2,15,1998,1504
"Other",2,15,1999,1749
"Other",2,15,2000,1803
"Other",2,15,2001,2007
"Other",2,15,2002,1967
"Other",2,15,2003,2090
"Other",2,15,2004,2065
"Other",2,15,2005,2120
"Other",2,15,2006,2196
"Other",2,15,2007,2101
"Other",2,15,2008,2108
"Other",2,15,2009,2176
"Other",2,15,2010,2042
"Other",2,15,2011,2053
"Other",2,15,2012,2067
"Other",2,15,2013,2071
"Other",2,15,2014,2149
"Other",2,15,2015,2252
"Other",2,15,2016,2412
"Other",2,25,1980,3275
"Other",2,25,1981,3327
"Other",2,25,1982,3223
"Other",2,25,1983,3306
"Other",2,25,1984,3369
"Other",2,25,1985,3644
"Other",2,25,1986,3843
"Other",2,25,1987,4275
"Other",2,25,1988,4387
"Other",2,25,1989,4584
"Other",2,25,1990,4558
"Other",2,25,1991,4717
"Other",2,25,1992,4755
"Other",2,25,1993,4953
"Other",2,25,1994,5371
"Other",2,25,1995,5457
"Other",2,25,1996,4795
"Other",2,25,1997,4072
"Other",2,25,1998,3799
"Other",2,25,1999,4162
"Other",2,25,2000,4180
"Other",2,25,2001,4323
"Other",2,25,2002,4072
"Other",2,25,2003,4248
"Other",2,25,2004,4133
"Other",2,25,2005,4205
"Other",2,25,2006,4226
"Other",2,25,2007,4186
"Other",2,25,2008,4183
"Other",2,25,2009,4420
"Other",2,25,2010,4283
"Other",2,25,2011,4431
"Other",2,25,2012,4681
"Other",2,25,2013,4797
"Other",2,25,2014,5006
"Other",2,25,2015,5572
"Other",2,25,2016,6359
"Other",2,35,1980,4634
"Other",2,35,1981,4453
"Other",2,35,1982,4330
"Other",2,35,1983,4383
"Other",2,35,1984,4582
"Other",2,35,1985,4700
"Other",2,35,1986,5190
"Other",2,35,1987,5630
"Other",2,35,1988,5985
"Other",2,35,1989,6191
"Other",2,35,1990,6563
"Other",2,35,1991,7065
"Other",2,35,1992,7586
"Other",2,35,1993,8454
"Other",2,35,1994,8969
"Other",2,35,1995,9827
"Other",2,35,1996,9220
"Other",2,35,1997,8387
"Other",2,35,1998,8328
"Other",2,35,1999,9620
"Other",2,35,2000,10085
"Other",2,35,2001,10632
"Other",2,35,2002,10584
"Other",2,35,2003,10480
"Other",2,35,2004,9977
"Other",2,35,2005,9929
"Other",2,35,2006,9765
"Other",2,35,2007,9248
"Other",2,35,2008,9055
"Other",2,35,2009,8916
"Other",2,35,2010,8181
"Other",2,35,2011,8133
"Other",2,35,2012,8163
"Other",2,35,2013,8303
"Other",2,35,2014,8760
"Other",2,35,2015,9142
"Other",2,35,2016,9678
"Other",2,45,1980,8911
"Other",2,45,1981,8327
"Other",2,45,1982,7755
"Other",2,45,1983,7693
"Other",2,45,1984,7212
"Other",2,45,1985,7243
"Other",2,45,1986,7208
"Other",2,45,1987,7226
"Other",2,45,1988,7613
"Other",2,45,1989,7712
"Other",2,45,1990,7681
"Other",2,45,1991,8109
"Other",2,45,1992,8317
"Other",2,45,1993,9307
"Other",2,45,1994,10023
"Other",2,45,1995,10679
"Other",2,45,1996,10950
"Other",2,45,1997,11229
"Other",2,45,1998,11490
"Other",2,45,1999,13438
"Other",2,45,2000,14529
"Other",2,45,2001,16063
"Other",2,45,2002,16488
"Other",2,45,2003,17406
"Other",2,45,2004,17671
"Other",2,45,2005,18434
"Other",2,45,2006,18827
"Other",2,45,2007,19146
"Other",2,45,2008,19438
"Other",2,45,2009,19890
"Other",2,45,2010,19183
"Other",2,45,2011,19795
"Other",2,45,2012,19399
"Other",2,45,2013,19827
"Other",2,45,2014,19660
"Other",2,45,2015,20224
"Other",2,45,2016,20064
"Other",2,55,1980,16332
"Other",2,55,1981,16181
"Other",2,55,1982,15991
"Other",2,55,1983,16317
"Other",2,55,1984,15945
"Other",2,55,1985,16090
"Other",2,55,1986,15771
"Other",2,55,1987,15546
"Other",2,55,1988,15795
"Other",2,55,1989,15438
"Other",2,55,1990,15136
"Other",2,55,1991,14835
"Other",2,55,1992,14746
"Other",2,55,1993,15221
"Other",2,55,1994,15304
"Other",2,55,1995,15696
"Other",2,55,1996,15775
"Other",2,55,1997,16213
"Other",2,55,1998,16568
"Other",2,55,1999,18032
"Other",2,55,2000,18973
"Other",2,55,2001,19957
"Other",2,55,2002,20673
"Other",2,55,2003,22204
"Other",2,55,2004,22744
"Other",2,55,2005,23790
"Other",2,55,2006,25074
"Other",2,55,2007,25696
"Other",2,55,2008,27187
"Other",2,55,2009,27885
"Other",2,55,2010,28674
"Other",2,55,2011,30658
"Other",2,55,2012,31368
"Other",2,55,2013,32805
"Other",2,55,2014,34485
"Other",2,55,2015,35531
"Other",2,55,2016,36966
"Other",2,65,1980,25517
"Other",2,65,1981,25653
"Other",2,65,1982,25889
"Other",2,65,1983,26777
"Other",2,65,1984,27501
"Other",2,65,1985,28106
"Other",2,65,1986,28841
"Other",2,65,1987,29509
"Other",2,65,1988,29875
"Other",2,65,1989,30525
"Other",2,65,1990,30375
"Other",2,65,1991,30887
"Other",2,65,1992,31224
"Other",2,65,1993,32350
"Other",2,65,1994,33053
"Other",2,65,1995,33629
"Other",2,65,1996,34234
"Other",2,65,1997,34048
"Other",2,65,1998,34658
"Other",2,65,1999,36571
"Other",2,65,2000,36412
"Other",2,65,2001,36885
"Other",2,65,2002,36768
"Other",2,65,2003,36992
"Other",2,65,2004,36169
"Other",2,65,2005,37213
"Other",2,65,2006,36890
"Other",2,65,2007,37311
"Other",2,65,2008,39197
"Other",2,65,2009,38987
"Other",2,65,2010,40308
"Other",2,65,2011,42032
"Other",2,65,2012,43920
"Other",2,65,2013,46918
"Other",2,65,2014,49448
"Other",2,65,2015,52346
"Other",2,65,2016,55213
"Other",2,75,1980,32441
"Other",2,75,1981,33249
"Other",2,75,1982,34883
"Other",2,75,1983,37108
"Other",2,75,1984,39207
"Other",2,75,1985,42605
"Other",2,75,1986,43757
"Other",2,75,1987,45933
"Other",2,75,1988,48342
"Other",2,75,1989,49282
"Other",2,75,1990,49241
"Other",2,75,1991,50107
"Other",2,75,1992,50819
"Other",2,75,1993,54959
"Other",2,75,1994,56990
"Other",2,75,1995,59690
"Other",2,75,1996,61467
"Other",2,75,1997,64096
"Other",2,75,1998,67118
"Other",2,75,1999,73114
"Other",2,75,2000,77173
"Other",2,75,2001,79904
"Other",2,75,2002,83273
"Other",2,75,2003,84594
"Other",2,75,2004,84839
"Other",2,75,2005,88115
"Other",2,75,2006,89559
"Other",2,75,2007,89327
"Other",2,75,2008,91919
"Other",2,75,2009,88554
"Other",2,75,2010,89927
"Other",2,75,2011,92308
"Other",2,75,2012,92842
"Other",2,75,2013,93290
"Other",2,75,2014,93328
"Other",2,75,2015,95001
"Other",2,75,2016,95506
"Other",2,85,1980,25416
"Other",2,85,1981,27269
"Other",2,85,1982,29112
"Other",2,85,1983,32273
"Other",2,85,1984,35786
"Other",2,85,1985,39511
"Other",2,85,1986,42357
"Other",2,85,1987,45735
"Other",2,85,1988,49438
"Other",2,85,1989,51218
"Other",2,85,1990,52492
"Other",2,85,1991,54775
"Other",2,85,1992,57016
"Other",2,85,1993,64284
"Other",2,85,1994,68178
"Other",2,85,1995,72855
"Other",2,85,1996,77681
"Other",2,85,1997,83354
"Other",2,85,1998,88550
"Other",2,85,1999,101391
"Other",2,85,2000,107255
"Other",2,85,2001,113051
"Other",2,85,2002,119499
"Other",2,85,2003,125351
"Other",2,85,2004,125751
"Other",2,85,2005,137688
"Other",2,85,2006,146526
"Other",2,85,2007,151129
"Other",2,85,2008,163618
"Other",2,85,2009,162253
"Other",2,85,2010,175423
"Other",2,85,2011,186196
"Other",2,85,2012,191420
"Other",2,85,2013,196515
"Other",2,85,2014,195418
"Other",2,85,2015,201116
"Other",2,85,2016,201812
